root,verb_forms,count_vf,frequency,romanized
अजमा,अजमा,1,1,ajamA
अट,अटे,1,1,aTa
अटक,"अटक,अटकता,अटकने,अटके",4,3,aTaka
अटका,अटकाने,1,1,aTakA
अड,"अड़ी,अड़,अड़े",3,5,aDa
अनजान,अनजाने,1,2,anajAna
अपना,"अपनाई,अपनाये,अपनाना,अपनाया,अपनायी,अपनाने,अपनायें,अपना,अपनानी,अपनाता,अपनाएगी,अपनाते,अपनाए,अपनाती,अपनाओगे,अपनाएगा",16,1593,apanA
अलाप,"अलापा,अलापते",2,3,alApa
अड़,"अड़ा,अड़कर,अड़े",3,4,a.Da
आ,"आई,आ,आना,आकर,आए,आया,आने,आएगी,आती,आएंगे,आएगा,आते,आता,आये,आयी,आईं,आएं,आइए,आएँ,आनी,आएंगी,आओ,आएँगे,आऊँगा,आओगे,आनेवाले",26,1056,A
आँक,"आँकी,आँक",2,6,A.Nka
आंक,"आंकी,आंकते,आंका,आंकें",4,5,AMka
आंकना,आंकना,1,1,AMkanA
आजमा,"आज़मा,आजमाया,आजमाने,आजमाना,आजमा,आजमाकर",6,7,AjamA
आन,आन,1,1,Ana
इज,इज,1,2,ija
उकसा,"उकसाना,उकसाते,उकसाया,उकसाने",4,3,ukasA
उकेर,"उकेरी,उकेरा,उकेरे",3,2,ukera
उखड,"उखड़,उखड़े",2,4,ukhaDa
उखड़,उखड़े,1,1,ukha.Da
उखाड,"उखाड़ने,उखाड़,उखाड़कर,उखाड़",4,6,ukhADa
उग,"उगा,उगता,उगने,उगेगा,उगते,उग",6,1,uga
उगल,"उगलते,उगलवा,उगलने,उगलवाने",4,4,ugala
उगा,"उगाया,उगाई,उगाने,उगाएं",4,4,ugA
उगाह,उगाह,1,1,ugAha
उघाड,उघाड़,1,1,ughADa
उछल,"उछल,उछले,उछलती,उछलकर,उछलने,उछलते",6,7,uChala
उछाल,"उछाला,उछालने,उछाली,उछाल",4,18,uChAla
उजड,उजड़े,1,2,ujaDa
उठ,"उठा,उठने,उठ,उठता,उठते,उठे,उठती,उठकर,उठी,उठतीं,उठेंगे,उठो,उठेगा",13,64,uTha
उठा,"उठाए,उठाई,उठाना,उठाने,उठाते,उठाता,उठाये,उठाएं,उठाइए,उठाकर,उठाया,उठाएंगे,उठाएगी,उठाएगा,उठाएँगे,उठानी,उठाती,उठायी,उठाइएगा,उठाएँ",20,246,uThA
उड,"उड़,उड़ता,उड़ने",3,8,uDa
उडा,"उड़ाते,उड़ाने,उड़ाया",3,6,uDA
उतर,"उतरने,उतरता,उतरेगा,उतरेंगे,उतर,उतरे,उतरना,उतरकर,उतरी,उतरते,उतरा,उतरती",12,56,utara
उतरा,"उतराती,उतराते",2,1,utarA
उतार,"उतारा,उतारे,उतारेगी,उतार,उतारने,उतारेंगी,उतारी,उतारेगा,उतारेंगे,उतारकर,उतारना",11,30,utAra
उधेड,उधेड़ी,1,1,udheDa
उपज,"उपजने,उपजे,उपजी",3,6,upaja
उफनाने,उफनाने,1,1,uphanAne
उबर,"उबरे,उबरने,उबरते,उबर,उबरना,उबरकर",6,18,ubara
उबल,उबल,1,1,ubala
उबार,"उबारने,उबारा",2,4,ubAra
उबाल,"उबाल,उबालें,उबालिए,उबालकर",4,2,ubAla
उभर,"उभरते,उभर,उभरता,उभरे,उभरती,उभरेगी,उभरने,उभरा,उभरकर",9,22,ubhara
उमड,"उमड़ी,उमड़ी,उमड़ा,उमड़ने",4,4,umaDa
उलझ,"उलझना,उलझने,उलझ",3,5,ulajha
उलट,"उलट,उलटकर",2,4,ulaTa
उलटपुलट,उलटपुलटकर,1,1,ulaTapulaTa
उड़,"उड़ती,उड़ेंगी",2,6,u.Da
उड़ा,"उड़ा,उड़ाना,उड़ाकर,उड़ाते,उड़ाई",5,19,u.DA
ऐंठ,ऐंठते,1,1,aiMTha
ऐठ,"ऐठने,ऐठा",2,2,aiTha
ओढ,"ओढ़कर,ओढ़े",2,1,oDha
ओढ़ा,ओढ़ाया,1,1,o.DhA
कंपकंपा,कंपकंपा,1,1,kaMpakaMpA
कट,"कटवा,कटे,कटने,कटकर,कटी,कटा,कट,कटेगी",8,8,kaTa
कढ,कढ़ी,1,1,kaDha
कतर,कतर,1,4,katara
कतरा,"कतरा,कतराता,कतराती",3,5,katarA
कबूल,कबूलने,1,6,kabUla
कमा,"कमाए,कमा,कमाने,कमाया,कमाकर,कमाओ",6,16,kamA
कर,"किया,की,कर,करने,करें,करते,करेगी,करेंगे,करती,किए,करता,कीं,करना,करेगा,करके,किये,करे,करनी,कीजिये,करनेवाले,करवाते,करेंगी,करवाया,करो,कराके,करूँगी,करवाकर,करूंगा,करतीं,करवाएंगे,करेगें,करूंगी,करुंगी,करूँगा,करूं,करोगे,करूँ,कीजिएगा,करोगी,करवाएगा",40,9547,kara
करवा,"करवा,करवाता,करवाए,करवाने,करवाना,करवाई,करवाएगी,करवाती",8,21,karavA
करा,"कराना,कराने,करा,कराये,करायी,कराकर,कराई,कराते,कराती,कराया,कराएगी,कराएंगे,कराए,कराओ,कराता,कराएगा,कराऊंगा,कराएं,करानी,कराएगें,कराइए",21,388,karA
कराह,"कराहते,कराह",2,3,karAha
कस,"कस,कसा,कसने,कसना,कसता,कसी",6,13,kasa
कसमसा,कसमसाते,1,1,kasamasA
कह,"कह,कहते,कहा,कहना,कहे,कही,कहकर,कहती,कहें,कहेगी,कहता,कहूंगा,कहतीं,कहीं,कहनी,कहेंगे,कहेंगी,कहोगी,कहूँगा,कहो,कहिए",21,3903,kaha
कहला,"कहलाती,कहलाता,कहलाते,कहलाएँगे,कहलाने,कहलाएंगे",6,6,kahalA
कांप,"कांप,कांपने,कांपेंगे,कांपते",4,5,kAMpa
काट,"काटने,काटे,काटते,काट,काटता,काटना,काटती,काटी,काटें,काटकर,काटनी,काटा",12,44,kATa
कुचल,"कुचलकर,कुचल,कुचलने,कुचलना,कुचलता",5,13,kuchala
कुतर,कुतरा,1,1,kutara
कुबूल,कुबूलने,1,2,kubUla
कुरेद,"कुरेदते,कुरेदने",2,2,kureda
कूद,"कूद,कूदने,कूदकर,कूदी,कूदेंगी,कूदा",6,8,kUda
कोस,"कोसते,कोसो,कोसने",3,9,kosa
कौंध,कौंधी,1,2,kauMdha
कढ़ा,कढ़े,1,1,kaढ़A
खंगाल,"खंगाले,खंगालना",2,2,khaMgAla
खटक,"खटक,खटकती",2,4,khaTaka
खटखटा,"खटखटाना,खटखटाया,खटखटाएंगे,खटखटाओ",4,9,khaTakhaTA
खदेड,"खदेड़,खदेड़ने,खदेड़ा",3,6,khadeDa
खरीद,"खरीद,खरीदना,खरीदने,खरीदा,खरीदनी,खरीदे,खरीदकर,खरीदी,खरीदेगी,खरीदें",10,97,kharIda
खर्च,खर्च,1,75,kharcha
खा,"खाने,खाते,खाई,खा,खाकर,खाता,खाया,खानी,खाना,खाऊंगी,खाएँ,खाके,खाइये,खाएंगे,खाएगा,खाइए,खाए",17,70,khA
खिँच,"खिंचवाए,खिंचवाई",2,3,khi.Ncha
खिँचवा,खिंचवाने,1,1,khi.NchavA
खिंचवा,खिंचवाणा,1,1,khiMchavA
खिल,"खिलने,खिल,खिली,खिले,खिलते,खिलता",6,9,khila
खिला,"खिलाता,खिलाएं,खिलाया,खिलाना,खिलाते,खिलाने,खिलाई,खिलाकर,खिला,खिलानी,खिलाओ",11,8,khilA
खिसक,"खिसकती,खिसक,खिसकने,खिसककर",4,10,khisaka
खिसिया,"खिसियाये,खिसिया",2,2,khisiyA
खींच,"खींचा,खींच,खींचने,खींचेगा,खींची,खींचता,खींचना,खींचती,खींचते,खींचनी,खींचो",11,29,khIMcha
खीच,खीचीं,1,1,khIcha
खीझ,खीझकर,1,1,khIjha
खुद,"खुदवाया,खुदे",2,104,khuda
खुल,"खुली,खुले,खुल,खुलने,खुला,खुलती,खुलेंगे,खुलीं,खुलेगा,खुलकर,खुलते,खुलेंगी,खुलता",13,73,khula
खुलवा,"खुलवा,खुलवाने,खुलवाया,खुलवाकर,खुलवाए",5,10,khulavA
खेल,"खेलने,खेल,खेले,खेलते,खेलकर,खेली,खेलना,खेला,खेलें,खेलती,खेलो,खेलीं",12,93,khela
खेला,खेलाया,1,1,khelA
खो,"खो,खोने,खोते,खोएं,खोना,खोई,खोकर",7,27,kho
खोज,"खोज,खोजने,खोजते,खोजी,खोजे,खोजना,खोजा",7,27,khoja
खोद,"खुदवाने,खोदने,खोदकर,खोद",4,3,khoda
खोल,"खोलने,खोलें,खोल,खोलकर,खोले,खोला,खोलेगा,खोलते,खोली,खोलना,खोलेंगे",11,109,khola
खौल,खौलता,1,1,khaula
खड़क,खड़कने,1,1,kha.Daka
खड़ा,"खड़ा,खड़े",2,52,kha.DA
गँवा,"गंवाना,गंवा,गंवाने,गंवानी,गँवाने",5,5,ga.NvA
गंवा,"गंवाई,गंवाए",2,3,gaMvA
गड,गड़ी,1,1,gaDa
गडबडा,गड़बड़ाए,1,1,gaDabaDA
गढ,गढ़,1,1,gaDha
गरज,"गरजे,गरजते,गरजने",3,7,garaja
गरमा,"गरमा,गरमाया",2,3,garamA
गरिया,गरियाते,1,1,gariyA
गल,"गलने,गल,गला",3,1,gala
गवा,"गवाया,गवाने,गवाते",3,2,gavA
गवाँ,गवांनी,1,1,gavA.N
गहरा,"गहराने,गहरा",2,10,gaharA
गा,"गाकर,गाते,गा,गाया,गाए,गाने,गाओ",7,7,gA
गिना,"गिनाए,गिनाते,गिनाया",3,6,ginA
गिर,"गिरना,गिर,गिरी,गिरकर,गिरती,गिरा,गिरते,गिरे,गिरता,गिरीं",10,56,gira
गिरा,"गिराए,गिराने,गिराया,गिराना",4,18,girA
गुजर,"गुजरने,गुजर,गुज़रने,गुजरना,गुजरती,गुजरते,गुजरे,गुजरा,गुजरेगा,गुज़रना,गुजरेंगे,गुजरी,गुजरता",13,27,gujara
गुजार,"गुजारने,गुजारनी,गुजारी,गुजारना",4,6,gujAra
गुर्रा,गुर्राते,1,1,gurrA
गुस्सा,"गुस्साए,गुस्साई",2,20,gussA
गूँज,"गूँजा,गूँजती,गूँजने,गूँज",4,1,gU.Nja
गूंज,"गूंजने,गूंज",2,5,gUMja
गूंजा,गूंजी,1,2,gUMjA
गूंथ,"गूंथ,गूंथे,गूंथें",3,2,gUMtha
गड़ा,गड़ाए,1,1,ga.DA
घट,"घटती,घटा,घटे,घट,घटकर,घटते,घटी,घटने,घटेंगी,घटता",10,24,ghaTa
घटा,"घटाएं,घटाकर,घटाने,घटाया,घटाए,घटाई",6,17,ghaTA
घनघना,घनघना,1,2,ghanaghanA
घबरा,"घबराए,घबरा,घबराने,घबराकर",4,5,ghabarA
घसीट,"घसीटने,घसीटना",2,3,ghasITa
घिर,"घिरे,घिरा,घिर,घिरी,घिरने",5,15,ghira
घिरा,घिरे,1,1,ghirA
घुट,घुटते,1,2,ghuTa
घुमा,"घुमाएं,घुमाने,घुमाता",3,2,ghumA
घुल,"घुलने,घुले,घुल,घुलते",4,4,ghula
घुस,"घुसता,घुस,घुसी,घुसते,घुसने,घुसकर,घुसे,घुसा",8,37,ghusa
घूम,"घूमने,घूमना,घूमती,घूमें,घूम,घूमकर,घूमते,घूमा,घूमे,घूमता",10,27,ghUma
घेर,"घेर,घेरने,घेरा",3,18,ghera
चकरा,चकरा,1,1,chakarA
चटक,चटकते,1,1,chaTaka
चटका,"चटकाए,चटकाने",2,2,chaTakA
चटा,चटा,1,1,chaTA
चढ,"चढ़,चढ,चढकर",3,10,chaDha
चढ़,"चढ़ने,चढ़े,चढ़ते,चढ़कर",4,2,cha.Dha
चढ़ा,"चढ़ाने,चढ़ाते",2,3,cha.DhA
चढा,"चढ़ा,चढ़ाने,चढ़ाए,चढ़ाया,चढाती,चढ़ाते",6,9,chaDhA
चमक,"चमकती,चमकते,चमकता",3,6,chamaka
चमचमा,चमचमाती,1,1,chamachamA
चरमरा,चरमरा,1,4,charamarA
चरा,चराने,1,2,charA
चल,"चले,चली,चल,चला,चलता,चलेंगी,चलेगी,चलने,चलेगा,चलते,चलकर,चलती,चलें,चलेंगे,चलना,चलतीं,चलीं,चलो,चलोगे,चलिए",20,462,chala
चला,"चलाने,चलाया,चलाए,चलाते,चलाई,चलाये,चलाना,चलाएं,चलाएँ,चलाइए,चलाता,चलाकर,चलायी,चलानी,चलाईं,चलाएंगे,चलाएगा,चलाती,चलाएँगे",19,129,chalA
चहक,चहकते,1,1,chahaka
चाट,"चाट,चाटनी",2,2,chATa
चाह,"चाहें,चाहती,चाहते,चाहेगा,चाहा,चाहे,चाहता,चाहेंगे,चाही,चाहने,चाहतीं,चाहो,चाह",13,331,chAha
चाहिए,चाहिए,1,21,chAhie
चाहिये,चाहिये,1,11,chAhiye
चिढ,चिढ़,1,1,chiDha
चिपक,"चिपकी,चिपक,चिपका",3,1,chipaka
चिपका,चिपकाये,1,2,chipakA
चिल्ला,"चिल्लाते,चिल्लाती,चिल्ला,चिल्लाकर,चिल्लाना,चिल्लाई,चिल्लाओ,चिल्लाने",8,8,chillA
चीर,चीरती,1,1,chIra
चुका,"चुकानी,चुकाए,चुकाई,चुकाना,चुकाते,चुकाने,चुकाया",7,11,chukA
चुन,"चुना,चुन,चुनने,चुनना,चुने,चुनी,चुनेंगे,चुनें,चुनकर,चुनता,चुनेगी",11,59,chuna
चुरा,"चुराकर,चुराएं,चुराने,चुराए,चुरा",5,8,churA
चूक,"चूक,चूके,चूका,चूकेगी,चूकने",5,10,chUka
चेत,चेतना,1,1,cheta
चेता,चेताया,1,5,chetA
चौंक,"चौंका,चौंक",2,1,chauMka
चौंका,"चौंकाने,चौंकाया,चौंकाते",3,5,chauMkA
चौक,चौक,1,1,chauka
चढ़,"चढ़ने,चढ़,चढ़कर",3,9,chaढ़
चढ़ा,चढ़ाई,1,3,chaढ़A
छंट,छंटने,1,2,ChaMTa
छट,छटते,1,1,ChaTa
छप,"छपीं,छपी,छपने,छपे,छपवाई,छपती,छपते,छप,छपता,छपवाते,छपवाने",11,20,Chapa
छलक,"छलकते,छलक",2,2,Chalaka
छलका,छलकाए,1,1,ChalakA
छा,"छाई,छाया,छाए,छा,छाते,छाये",6,26,ChA
छांटने,छांटने,1,1,ChAMTane
छान,"छानें,छानकर,छान,छाने",4,3,ChAna
छाप,"छापा,छाप,छपकर,छापी,छापने,छापना,छापनी",7,8,ChApa
छिड,"छिड़े,छिड़,छिड़ेगा,छिड़ी",4,5,ChiDa
छिन,"छिनते,छिन",2,2,China
छिप,"छिपा,छिपे,छिपी,छिपता,छिपकर",5,19,Chipa
छिपा,"छिपाए,छिपाया,छिपाने,छिपाते,छिपाई,छिपाना",6,10,ChipA
छिल,"छीलें,छिला",2,2,Chila
छिड़,"छिड़,छिड़ी",2,3,Chi.Da
छिड़क,छिड़ककर,1,1,Chi.Daka
छीन,"छीन,छीनने,छीनी,छीनना,छीना,छीनती,छीनता",7,15,ChIna
छुट,छुट,1,1,ChuTa
छुडवा,"छुड़वाए,छुड़वाना",2,2,ChuDavA
छुप,"छुपे,छुपा,छुपी,छुप",4,3,Chupa
छुपा,"छुपाने,छुपाए",2,9,ChupA
छुड़वा,छुड़वाया,1,1,Chu.DavA
छुड़ा,"छुड़ाने,छुड़ाकर,छुड़ा",3,3,Chu.DA
छू,"छूती,छू,छूते,छूने,छुआ",5,12,ChU
छूट,"छूटने,छूटे,छूट",3,38,ChUTa
छेड,"छेड़ा,छेड़ने,छेड़ने,छेड़,छेडे",5,8,CheDa
छेड़,"छेड़ते,छेड़ी,छेड़े",3,15,Che.Da
छोड,"छोड़ी,छोडी,छोड़,छोड़ो,छोड़कर,छोड़ने,छोडकर,छोड़े,छोड",9,87,ChoDa
छोड़,"छोड़,छोड़कर,छोड़ने,छोड़ते,छोड़ी,छोड़ना,छोड़ा,छोड़ती,छोड़ो",9,10,Cho.Da
छोड़,"छोड़कर,छोड़ेगी,छोड़ेंगे,छोड़ी,छोड़े,छोड़ने,छोड़ते,छोड़ा,छोड़ूंगा",9,89,Cho.Da
जग,"जगे,जगी",2,4,jaga
जगमगा,"जगमगाने,जगमगा,जगमगाते",3,3,jagamagA
जगा,"जगाई,जगाने,जगाता,जगाया",4,3,jagA
जड,"जड़,जड़े,जड़ा",3,1,jaDa
जड़,जड़े,1,1,ja.Da
जता,"जताई,जताने,जता,जताना,जताया,जताते,जताए,जतायी,जताएंगे",9,187,jatA
जन्म,"जन्मे,जन्में",2,11,janma
जन्मा,जन्में,1,3,janmA
जम,"जमता,जमा,जमी,जम,जमना,जमने,जमे",7,31,jama
जमा,"जमाए,जमाये,जमाएं,जमाया,जमाकर,जमाने,जमाई",7,47,jamA
जल,"जलना,जलने,जल,जलती,जलता,जलकर",6,27,jala
जला,"जलाते,जलाने,जलाना,जला,जलाकर,जलाए,जलाया",7,16,jalA
जा,"जा,जाते,जाने,जाना,जाएं,जानी,जाता,जाती,जाएगा,गया,गये,जाकर,जाएगी,जाएंगी,जाएंगे,जाएँ,गई,जाया,जाए,जाइए,जाएगीं,गईं,जाओ,जाएँगे,जायेंगी,जायेगी,जाओगे,जाऊँगी,जाऊँगा,जाके,जायें,जातीं",32,497,jA
जाग,"जागना,जाग",2,3,jAga
जान,"जानते,जानकर,जानने,जान,जानना,जानती,जानता,जानतीं",8,162,jAna
जानबूझ,"जानबूझ,जानबूझकर",2,1,jAnabUjha
जिता,"जिताने,जिताना,जिताए",3,1,jitA
जी,"जी,जीते,जीने,जियेगी,जियूँ",5,24,jI
जीत,"जीतने,जीता,जीत,जीती,जीतेंगीं,जीतकर,जीतते,जीतीं,जीतना,जीतता,जीतेगा",11,82,jIta
जीना,जीने,1,3,jInA
जुट,"जुटा,जुटे,जुट,जुटी,जुटेंगे,जुटते,जुटने",7,59,juTa
जुटा,"जुटाए,जुटाया,जुटाने,जुटाई,जुटाना,जुटाकर",6,33,juTA
जुड,"जुड़ा,जुड़ी,जुड़े,जुड़कर",4,53,juDa
जुड़,"जुड़े,जुड़ा,जुड़ी,जुड़,जुड़कर",5,5,ju.Da
जुल,जुलती,1,2,jula
जुड़,"जुड़ने,जुड़ना,जुड़",3,68,ju.Da
जूझ,"जूझ,जूझना,जूझने,जूझते",4,19,jUjha
जोड,"जोड़े,जोड़,जोड़ेगा,जोड़कर,जोड़े,जोड़ना",6,30,joDa
जोत,"जोतते,जोता",2,1,jota
जोह,जोह,1,1,joha
जोड़,"जोड़कर,जोड़ा,जोड़ना,जोड़ने,जोड़,जोड़ती",6,32,jo.Da
जड़,जड़,1,6,ja.Da
झटक,"झटक,झटके,झटकने",3,3,jhaTaka
झटपटा,झटपटाते,1,1,jhaTapaTA
झलक,"झलक,झलकता,झलकना",3,9,jhalaka
झाँक,"झाँकने,झाँकती,झाँकते",3,2,jhA.Nka
झांक,झांककर,1,1,jhAMka
झाड,झाड़ना,1,2,jhADa
झाड़,झाड़ने,1,4,jhA.Da
झुक,"झुक,झुकना,झुककर,झुका,झुकें,झुकने,झुकी,झुकता,झुकते",9,9,jhuka
झुका,"झुकाओगे,झुका",2,4,jhukA
झुठला,"झुठला,झुठलाते,झुठलाने",3,3,jhuThalA
झुलस,झुलसते,1,1,jhulasa
झूल,"झूलती,झूल,झूलते",3,1,jhUla
झेल,"झेल,झेलना,झेलनी,झेले,झेलने",5,13,jhela
झोंक,"झोंकने,झोंक",2,4,jhoMka
झोक,झोको,1,1,jhoka
टंग,टंगा,1,1,TaMga
टकरा,"टकराने,टकरा,टकराई,टकरायी,टकराएगा,टकराते,टकराती",7,11,TakarA
टटोल,"टटोलकर,टटोलें",2,2,TaTola
टपक,टपक,1,1,Tapaka
टल,"टल,टलने,टला,टलती",4,7,Tala
टहल,"टहलने,टहलीं",2,2,Tahala
टाल,"टालता,टाल,टालने,टालते,टाला,टाली",6,35,TAla
टिक,"टिकी,टिक,टिका,टिकने",4,14,Tika
टिका,"टिकाकर,टिकाये",2,2,TikA
टूट,"टूट,टूटी,टूटती,टूटने,टूटकर,टूटे,टूटा,टूटते,टूटना",9,36,TUTa
टेक,"टेक,टेका,टेकने,टेके",4,5,Teka
टोक,"टोकना,टोकती",2,3,Toka
ठग,"ठगी,ठग,ठगने",3,12,Thaga
ठन,ठन,1,1,Thana
ठहर,"ठहर,ठहरिये,ठहरे,ठहरें,ठहरने,ठहरी,ठहरना,ठहरेंगे,ठहरकर,ठहरते",10,32,Thahara
ठहरा,"ठहराया,ठहराते,ठहरा,ठहराए,ठहराने,ठहराती,ठहराकर",7,43,ThaharA
ठान,ठान,1,2,ThAna
ठिठक,ठिठक,1,2,ThiThaka
ठिठुरा,ठिठुरा,1,2,ThiThurA
ठुकरा,"ठुकराते,ठुकरा,ठुकराए",3,15,ThukarA
ठोंक,"ठोंकते,ठोंक",2,4,ThoMka
ठोक,"ठोका,ठोक",2,2,Thoka
डँस,डंसने,1,1,Da.Nsa
डगमगा,डगमगाने,1,1,DagamagA
डट,"डटे,डटकर,डट",3,4,DaTa
डर,"डर,डरकर,डरो,डरती,डरूं",5,28,Dara
डरा,"डराता,डराते",2,6,DarA
डलवा,डलवाने,1,2,DalavA
डस,डसती,1,1,Dasa
डांस,डांस,1,1,DAMsa
डाल,"डालती,डाल,डालना,डालते,डालने,डालता,डाला,डालकर,डालें,डालिए,डालेगी,डाले,डालेंगे,डाली,डालनी",15,101,DAla
डाला,डालेगा,1,1,DAlA
डुबा,"डुबाएं,डुबाने",2,1,DubA
डुबो,डुबोने,1,1,Dubo
डूब,"डूब,डूबा,डूबे,डूबने,डूबते,डूबी",6,20,DUba
डोल,डोल,1,1,Dola
ढंक,"ढंककर,ढंके,ढंक,ढंकी,ढंकने",5,3,DhaMka
ढक,"ढक,ढककर,ढके,ढकी,ढका",5,12,Dhaka
ढकेल,"ढकेला,ढकेल,ढकेलते,ढकेलना",4,6,Dhakela
ढल,"ढले,ढलते,ढलने",3,2,Dhala
ढह,ढ़हेगी,1,3,Dhaha
ढाल,"ढाला,ढाल",2,2,DhAla
ढूँढ,"ढूँढ़,ढूँढ़े",2,2,DhU.NDha
ढूंढ,"ढूंढना,ढूंढ,ढूंढा,ढूंढने,ढूंढते",5,6,DhUMDha
ढूंढ़,"ढूंढ़ने,ढूंढ़,ढूंढ़ते,ढूंढ़ा",4,12,DhUMढ़
ढूढ,ढूढें,1,2,DhUDha
ढो,"ढोने,ढ़ो,ढो",3,7,Dho
तडप,"तड़प,तड़पती",2,2,taDapa
तडपा,तड़पा,1,2,taDapA
तड़प्,तड़प्,1,1,ta.Dap
तन,"तनकर,तनी",2,7,tana
तप,"तपता,तपती",2,2,tapa
तरस,तरस,1,2,tarasa
तराश,"तराशे,तराशा,तराशने,तराश,तराशकर,तराशी",6,6,tarAsha
तरेर,तरेरे,1,2,tarera
तल,"तल,तले,तलें,तलिए,तलते",5,9,tala
तलाश,"तलाशने,तलाश,तलाशा,तलाशना,तलाशते,तलाशी",6,57,talAsha
ताक,"ताक,ताकते",2,7,tAka
तान,"तान,ताने",2,4,tAna
तिलमिला,"तिलमिला,तिलमिलाने",2,1,tilamilA
तुतला,तुतलाते,1,1,tutalA
तुल,तुले,1,3,tula
तुड़वा,तुड़वा,1,1,tu.DavA
तोड,"तोड़,तोड़ना,तोड़ा,तोड़,तोड़ने,तोड़कर,तोड़ने,तोड़ी,तोड़ा",9,29,toDa
तोड़,"तोड़कर,तोड़ते",2,3,to.Da
तोड़,"तोड़ना,तोड़ते",2,21,to.Da
तोड़मरोड़,तोड़मरोड़,1,1,to.Damaro.Da
तौल,"तौलने,तौल",2,3,taula
त्याग,"त्यागा,त्यागकर,त्याग,त्यागने",4,6,tyAga
थक,"थक,थककर",2,6,thaka
थका,थका,1,1,thakA
थपथपा,"थपथपाना,थपथपा,थपथपाकर,थपथपाते,थपथपाई",5,7,thapathapA
थम,"थमा,थमने,थम,थमी",4,12,thama
थमा,थमाते,1,4,thamA
थर्रा,"थर्रा,थर्राया",2,3,tharrA
था,"था,थी,थे,थीं",4,825,thA
थाः,थीः,1,1,thAH
थाम,"थामो,थामते,थाम",3,6,thAma
थिरक,"थिरकते,थिरकती",2,1,thiraka
दफना,"दफनाए,दफनाया,दफनाई",3,6,daphanA
दब,"दबे,दब,दबी",3,10,daba
दबा,"दबाने,दबा,दबाकर,दबाएं,दबाते,दबाया,दबाएंगे",7,13,dabA
दबोच,"दबोचने,दबोचते,दबोच",3,7,dabocha
दमक,दमकने,1,1,damaka
दर्शा,"दर्शाता,दर्शाते,दर्शाया,दर्शाने,दर्शाती,दर्शा",6,11,darshA
दर्शाए,दर्शाए,1,1,darshAe
दल,दलकर,1,295,dala
दहल,"दहल,दहलेंगे,दहली",3,3,dahala
दहला,दहला,1,1,dahalA
दाग,"दागा,दागे,दागने,दागकर,दाग,दागते,दागी",7,6,dAga
दिख,"दिखा,दिखी,दिख,दिखते,दिखने,दिखता,दिखें,दिखना,दिखेगा,दिखे,दिखती,दिखेंगे,दिखेगी",13,30,dikha
दिखा,"दिखाई,दिखाया,दिखाता,दिखाते,दिखाने,दिखाकर,दिखाएगा,दिखाती,दिखाए,दिखाना,दिखाऊंगा,दिखाएगी,दिखाएं,दिखाऊँगा,दिखायी",15,141,dikhA
दिल,दिलवाकर,1,10,dila
दिलवा,"दिलवाने,दिलवाया",2,1,dilavA
दिला,"दिलाता,दिलाकर,दिलाया,दिलाये,दिलाने,दिलाएगा,दिलाएगी,दिला,दिलाएंगे,दिलाई,दिलाते,दिलाना,दिलाती,दिलाइए",14,69,dilA
दुख,दुखा,1,9,dukha
दुत्कार,दुत्कार,1,1,dutkAra
दुबक,दुबके,1,1,dubaka
दुलार,दुलारने,1,1,dulAra
दूंगा,दूंगी,1,1,dUMgA
दे,"दी,दिया,देती,देना,देने,देगा,दिए,देता,देगी,देते,दिये,देकर,देनी,दें,दिलवाई,दिलवानी,दिलवाना,देंगी,देंगे,देतीं,दीं,देनेवाले,दो,दूंगा,दिलवा,दोगे,दीजिए,दूँ",28,2309,de
देख,"देखा,देखते,देखने,देख,देखी,देखीं,देखना,देखे,देखिये,देखें,देखकर,देखता,देखेंगे,देखो,देखेंगी,देखेगी,देखिए",17,481,dekha
दोहरा,"दोहराया,दोहराने,दोहराते,दोहराई,दोहराए,दोहराती,दोहरा",7,22,doharA
दौड,"दौड़ा,दौड़ते,दौड़ती,दौड़ी,दौड़",5,19,dauDa
दौड़,"दौड़,दौड़ता,दौड़ने,दौड़े",4,10,dau.Da
दौड़ा,"दौड़ाकर,दौड़ाई",2,2,dau.DA
धकिया,धकिया,1,1,dhakiyA
धकेल,धकेल,1,1,dhakela
धमका,"धमकाया,धमकाने,धमका,धमकाते",4,7,dhamakA
धर,"धरे,धरी,धर,धरने",4,5,dhara
धुँधला,धुँधला,1,2,dhu.NdhalA
धो,"धोकर,धो,धोना,धोए",4,8,dho
धड़धड़ा,धड़धड़ाता,1,1,dha.Dadha.DA
नकार,"नकार,नकारते,नकारने,नकारा",4,11,nakAra
नवाज,"नवाजा,नवाज़,नवाजता",3,8,navAja
नहला,नहलाया,1,1,nahalA
नहा,"नहाए,नहाने,नहाया,नहा",4,11,nahA
नाच,नाचने,1,1,nAcha
नाप,"नापो,नाप",2,4,nApa
निकल,"निकलती,निकल,निकली,निकला,निकलने,निकले,निकलनेवाले,निकलना,निकलता,निकलते,निकलकर,निकलीं,निकलवाकर,निकलें",14,123,nikala
निकलवा,निकलवाने,1,1,nikalavA
निकाल,"निकाल,निकाली,निकालने,निकालना,निकाला,निकाले,निकालकर,निकालते,निकालती,निकालेंगे",10,91,nikAla
निखर,निखरी,1,3,nikhara
निखार,निखारने,1,3,nikhAra
निगल,"निगलने,निगलना,निगल,निगलते,निगली",5,3,nigala
निपट,"निपटने,निपटा,निपट,निपटेंगे,निपटना",5,55,nipaTa
निपटा,"निपटाएँगे,निपटाने,निपटाया,निपटाए,निपटाएं,निपटाएंगे,निपटाई,निपटाएगा",8,18,nipaTA
निपोर,निपोर,1,1,nipora
निबट,"निबटने,निबटना",2,4,nibaTa
निबटा,"निबटाने,निबटाया",2,3,nibaTA
निभ,निभा,1,2,nibha
निभा,"निभाता,निभाई,निभानी,निभाने,निभाती,निभाते,निभाया,निभाईं,निभाएगी,निभाएँगी,निभाना,निभाएंगे,निभाए",13,51,nibhA
निहार,"निहारना,निहारने,निहार,निहारा,निहारते",5,21,nihAra
पंहुच,"पंहुचने,पंहुची",2,2,paMhucha
पकड,"पकड़ी,पकड़ने,पकड़,पकड़ा,पकड़ने,पकड़कर,पकड़े,पकड़े,पकड़ती,पकड़",10,62,pakaDa
पकड़,"पकड़वाया,पकड़नी",2,2,paka.Da
पका,"पकाने,पकाएं,पकाइए,पकाए,पकाया",5,1,pakA
पचा,पचा,1,1,pachA
पछता,पछताने,1,1,paChatA
पछाड,पछाड़ते,1,1,paChADa
पट,"पटे,पटा,पट",3,6,paTa
पटक,पटकने,1,2,paTaka
पड,"पडना,पड़ेगा,पड़,पड़े,पड़ी,पड़ती,पड़ते,पड़कर,पड़ता,पड़ेगी,पड़ने",11,92,paDa
पड़,"पड़ता,पड़ने,पड़ती,पड़ा,पड़ते,पड़ती",6,8,pa.Da
पढ,"पढ़ते,पढ़ना,पढ़ता,पढ़,पढ़ते,पढ़ने,पढा",7,32,paDha
पढ़,"पढ़े,पढ़ा,पढ़ी",3,1,pa.Dha
पढा,"पढ़ाया,पढ़ाने,पढ़ा,पढाने,पढ़ाना",5,11,paDhA
पनप,"पनपने,पनपी,पनपता,पनप,पनपती",5,4,panapa
परख,"परखा,परख,परखने",3,4,parakha
परोस,"परोसी,परोसें,परोसा,परोसने,परोसेगा,परोसकर",6,7,parosa
पल,"पलते,पलने,पलकर,पली",4,5,pala
पलट,"पलट,पलटा,पलटी,पलटकर,पलटके",5,9,palaTa
पसर,"पसर,पसरा",2,2,pasara
पसार,पसार,1,2,pasAra
पसीज,पसीजते,1,2,pasIja
पहचान,"पहचान,पहचानने,पहचानना,पहचाना,पहचाने,पहचानी,पहचानता",7,100,pahachAna
पहन,"पहनने,पहन,पहनना,पहने,पहनकर,पहना,पहनी,पहनें,पहनीं,पहनेंगी,पहनती",11,33,pahana
पहना,"पहनाया,पहनाने,पहनाना",3,8,pahanA
पहुँच,"पहुँच,पहुँचने,पहुँचा,पहुँचते,पहुँचता,पहुँचना,पहुँचे,पहुँची,पहुँचेगी,पहुँचें,पहुँचाने,पहुँचेगा,पहुँचती,पहुँचेंगे,पहुँचकर",15,69,pahu.Ncha
पहुँचा,"पहुँचाती,पहुँचाना,पहुँचाया,पहुँचाई,पहुँचाएगा,पहुँचाएं,पहुँचाकर",7,15,pahu.NchA
पहुंच,"पहुंच,पहुंचती,पहुंचा,पहुंचे,पहुंचने,पहुंचते,पहुंचकर,पहुंचाया,पहुंची,पहुंचेंगे,पहुंचेगी,पहुंचना,पहुंचनी,पहुंचता,पहुंचेंगी,पहुंचीं,पहुंचेगा",17,351,pahuMcha
पहुंचा,"पहुंचाते,पहुंचाती,पहुंचाने,पहुंचाएगा,पहुंचाई,पहुंचाना,पहुंचाए,पहुंचानी,पहुंचाता",9,64,pahuMchA
पा,"पाया,पाएंगे,पाई,पाए,पाने,पायी,पाये,पाएगा,पाना,पा,पाकर,पाओ,पाता,पाते",14,144,pA
पाट,पाटने,1,8,pATa
पाल,"पाला,पाले",2,7,pAla
पिघल,"पिघलने,पिघला,पिघल",3,2,pighala
पिचका,पिचकाने,1,1,pichakA
पिछड,"पिछड़ी,पिछड़,पिछड़ने,पिछड़े",4,8,piChaDa
पिट,"पिटती,पिटे,पिटी,पिट",4,1,piTa
पिरो,"पिरोना,पिरोने",2,1,piro
पिला,"पिलायी,पिला,पिलाई,पिलाती,पिलाते",5,7,pilA
पिस,"पिसी,पिसे,पिसा",3,1,pisa
पी,"पीओ,पिया,पिओ,पीकर,पी,पीती",6,28,pI
पीट,"पीटा,पीटकर",2,7,pITa
पीस,"पीस,पीसी,पीसें,पीसकर,पीसे",5,6,pIsa
पुकार,"पुकारा,पुकार,पुकारने",3,1,pukAra
पूछ,"पूछा,पूछ,पूछे,पूछने,पूछना,पूछो,पूछूं,पूछकर,पूछता,पूछें,पूछते,पूछती,पूछिए",13,136,pUCha
पूरा,पूरा,1,144,pUrA
पोंछ,पोंछते,1,3,poMCha
पोछ,पोछते,1,1,poCha
पड़,"पड़ता,पड़ने,पड़ा,पड़ेगा,पड़ेगी,पड़ी,पड़े",7,87,pa.Da
पढ़,"पढ़ने,पढ़े,पढ़ा,पढ़कर",4,18,paढ़
पढ़ा,"पढ़ाए,पढ़ाएंगे,पढ़ाने,पढ़ाई",4,11,paढ़A
फँस,"फंसने,फंस,फंसे,फंसी,फंसा",5,34,pha.Nsa
फँसा,"फंसाने,फंसाया",2,8,pha.NsA
फट,"फट,फटे,फटने,फटते",4,7,phaTa
फटक,"फटका,फटक",2,2,phaTaka
फल,फलने,1,6,phala
फहरा,"फहराने,फहरा,फहराते",3,1,phaharA
फाँस,फांसकर,1,1,phA.Nsa
फांद,फांदकर,1,1,phAMda
फाइल,फाइल,1,20,phAila
फाड,फाड़कर,1,1,phADa
फिर,"फिरना,फिरने,फिर,फिरती",4,205,phira
फिल्म,फिल्माईं,1,101,philma
फिल्मा,"फिल्माए,फिल्माने",2,1,philmA
फिल्‍मा,फिल्‍माया,1,1,phil{}mA
फिसल,"फिसलने,फिसलकर,फिसल",3,4,phisala
फुफकार,फुफकारा,1,1,phuphakAra
फूँक,फूँक,1,1,phU.Nka
फूंक,"फूंक,फूंका",2,7,phUMka
फूंकने,फूंकने,1,1,phUMkane
फूट,"फूटते,फूटने,फूट,फूटी",4,6,phUTa
फूल,"फूलना,फूले,फूलने,फूल,फूली",5,26,phUla
फेंक,"फेंक,फेंककर,फेंके,फेंका,फेंकने,फेंकते",6,20,pheMka
फेर,"फेरनी,फेर,फेरने",3,9,phera
फैल,"फैलता,फैलते,फ़ैल,फैलने,फैले,फैली,फैल,फैला,फैलती,फैलना,फैलकर",11,40,phaila
फैला,"फैलाते,फैलाता,फ़ैलाने,फैलाने,फैलाएं,फैलाकर,फैलाया,फैलाए,फैलाना",9,23,phailA
फोड,फोड़ी,1,1,phoDa
फोड़,"फोड़कर,फोड़े,फोड़ा,फोड़ना",4,9,pho.Da
बँट,"बँटा,बँटे",2,1,ba.NTa
बँध,"बँधी,बंधने,बंधी,बंधे,बंधा,बँधे",6,9,ba.Ndha
बंट,"बंट,बंटे,बंटेगा,बंटा",4,6,baMTa
बंटा,बंटाने,1,1,baMTA
बख्श,"बख्शा,बख्श्ते,बख्शेंगे,बख्श,बख्शी",5,8,bakhsha
बच,"बच,बचा,बचने,बचते,बची,बचे,बचना,बचेगा,बचें,बचेगी,बचती,बचता,बचके,बचेंगे",14,94,bacha
बचा,"बचाने,बचाना,बचाती,बचाया,बचाए,बचाई,बचाएगा,बचाओ,बचाते,बचाकर,बचाता",11,64,bachA
बज,"बज,बजकर,बजी,बजती,बजने",5,65,baja
बजा,"बजाया,बजाए,बजाकर,बजा,बजाने,बजाना,बजाएंगे,बजायेंगे",8,10,bajA
बटा,बटाने,1,1,baTA
बटोर,"बटोर,बटोरने,बटोरे,बटोरकर",4,3,baTora
बढ,"बढ़,बढ़े,बढ़ते,बढ़ी,बढ़ा,बढ़ेगा,बढ़ने,बढ़कर,बढ़ता,बढ,बढती,बढ़ती,बढ़ी,बढ़ते,बढ़ता,बढ़ेगा,बढा,बढ़ीं,बढने",19,108,baDha
बढ़,"बढ़ती,बढ़ना,बढ़ेगी",3,13,ba.Dha
बढ़ा,"बढ़ाते,बढ़ाता,बढ़ाती,बढ़ाकर,बढ़ाएगा,बढ़ायी,बढ़ाए,बढ़वाइए,बढ़ाता",9,17,ba.DhA
बढा,"बढ़ाने,बढ़ाई,बढ़ाया,बढ़ाना,बढाती,बढ़ाने,बढ़ाकर,बढ़ायेगा,बढ़ाये,बढ़ा,बढ़ाना,बढ़ाए,बढाई,बढ़ाते,बढाने",15,110,baDhA
बढावा,बढ़ावा,1,21,baDhAvA
बता,"बताता,बताते,बता,बताया,बताने,बताएंगे,बताना,बताये,बताए,बताएं,बताई,बताती,बताकर,बताएगा,बताओ,बताईं,बतायी,बताइए,बताएँ",19,1020,batA
बदल,"बदल,बदलकर,बदलने,बदला,बदलें,बदलता,बदलती,बदलना,बदले,बदलते,बदलेंगे,बदलवा,बदली,बदलेगी,बदलनी",15,122,badala
बदलवा,बदलवाने,1,1,badalavA
बन,"बने,बनी,बनती,बना,बन,बनकर,बनते,बनता,बनने,बनवाया,बनना,बनीं,बनेगा,बनेगी,बनवाई,बनें,बनेंगी,बनवाये",18,463,bana
बनवा,"बनवाए,बनवाने,बनवाकर,बनवा",4,10,banavA
बना,"बनाया,बनाएगी,बनाई,बनाए,बनाता,बनाते,बनाने,बनाना,बनाये,बनायी,बनाती,बनायेंगे,बनाकर,बनाएं,बनानी,बनाएगा,बनाएंगे,बनायीं,बनाएंगी,बनाएँ",20,627,banA
बरगला,बरगला,1,1,baragalA
बरत,"बरतनी,बरतने,बरता,बरती,बरतते,बरते,बरतना,बरतें",8,38,barata
बरपा,"बरपाया,बरपाना",2,2,barapA
बरस,"बरसते,बरसा,बरसने",3,5,barasa
बरसा,"बरसाया,बरसाईं,बरसानी,बरसाए",4,5,barasA
बस,"बसी,बस,बसे,बसा",4,94,basa
बसा,"बसाया,बसाने",2,7,basA
बह,"बह,बहती,बहते,बहना,बहकर,बहने,बहता",7,25,baha
बहा,"बहाती,बहाने,बहाता,बहाकर",4,9,bahA
बाँट,"बाँटी,बाँट,बाँटने,बाँटा",4,3,bA.NTa
बाँध,"बाँधकर,बाँधने,बाँधे,बाँध",4,5,bA.Ndha
बांट,"बांट,बांटने,बांटा,बांटती,बांटे,बांटी",6,24,bAMTa
बांध,"बांधता,बांधकर,बांधा,बांध,बांधे,बांधना,बांधने",7,34,bAMdha
बिक,"बिकने,बिका,बिके,बिक,बिकते",5,8,bika
बिखर,"बिखरे,बिखरने,बिखरी",3,8,bikhara
बिखेर,"बिखेर,बिखेरकर,बिखेरने,बिखेरे,बिखेरती,बिखेरता,बिखेरते",7,4,bikhera
बिगड,"बिगड़,बिगड़ती,बिगड़ने,बिगड़ते,बिगड़नी,बिगड़ता,बिगड़,बिगड़ती",8,15,bigaDa
बिगाड,"बिगाड़,बिगाड़ा",2,6,bigADa
बिछ,"बिछा,बिछ,बिछी",3,4,biCha
बिछा,"बिछाकर,बिछाए,बिछाने,बिछाया,बिछाई",5,15,biChA
बिछुड,बिछुड़े,1,2,biChuDa
बिठा,"बिठाने,बिठाकर,बिठाया,बिठाना,बिठाए",5,8,biThA
बिता,"बिताता,बिताने,बिताना,बिता,बिताए,बिताया,बिताते",7,9,bitA
बिफर,बिफरे,1,1,biphara
बीज,बीजेंगे,1,4,bIja
बीजा,"बीजा,बीजे",2,3,bIjA
बीत,"बीते,बीत,बीती,बीतते,बीतने,बीता",6,31,bIta
बुझ,"बुझे,बुझती",2,1,bujha
बुझा,बुझाने,1,2,bujhA
बुन,"बुना,बुनी",2,2,buna
बुला,"बुलाई,बुलाए,बुलाया,बुलाकर,बुलाने,बुला,बुलाती,बुलाये,बुलाएं,बुलाना,बुलानी,बुलाते,बुलाओ",13,101,bulA
बेच,"बेचे,बेचा,बेच,बेचने,बेची,बेचेगा,बेचकर,बेचती,बेचनी",9,58,becha
बेल,"बेल,बेलते",2,4,bela
बैठ,"बैठ,बैठे,बैठते,बैठने,बैठा,बैठी,बैठकर,बैठती,बैठना,बैठेंगे,बैठिए,बैठो,बैठोगी,बैठता",14,91,baiTha
बैठा,"बैठाने,बैठाया,बैठाकर",3,12,baiThA
बो,"बोया,बोयी,बोना,बोने,बोयेंगे,बोई",6,4,bo
बोल,"बोलकर,बोलने,बोलते,बोला,बोलना,बोल,बोलता,बोलीं,बोले,बोलेंगे,बोलती,बोली,बोलूँ",13,124,bola
बौखला,बौखला,1,3,baukhalA
ब्याह,"ब्याहने,ब्याहना",2,36,byAha
बढ़,"बढ़कर,बढ़,बढ़ने,बढ़ना,बढ़ेगी,बढ़े,बढ़ेंगे,बढ़ें",8,142,baढ़
बढ़ा,"बढ़ाई,बढ़ाया,बढ़ाती,बढ़ाएगा,बढ़ाएंगे",5,125,baढ़A
बढ़ाएं,बढ़ाएं,1,1,baढ़AeM
भगा,"भगाने,भगा,भगाए,भगाकर",4,2,bhagA
भटक,"भटक,भटकते",2,5,bhaTaka
भटका,भटकाने,1,1,bhaTakA
भडक,"भड़कें,भड़कने,भड़की",3,6,bhaDaka
भडका,भड़काने,1,1,bhaDakA
भर,"भरी,भर,भरने,भरा,भरना,भरता,भरें,भरकर,भरे,भरनी,भरेंगे,भरते,भरती",13,103,bhara
भरा,"भराकर,भराया",2,4,bharA
भांज,"भांज,भांजकर",2,2,bhAMja
भांप,"भांप,भांपना",2,7,bhAMpa
भाग,"भाग,भागने,भागीं,भागकर,भागे,भागा,भागना,भागते,भागता,भागती",10,111,bhAga
भिजवा,"भिजवाए,भिजवा",2,2,bhijavA
भिड़,भिड़ना,1,1,bhi.Da
भीग,"भीगे,भीगने,भीगी,भीगा,भीग,भीगकर",6,2,bhIga
भीगो,भीगोकर,1,1,bhIgo
भुगत,"भुगतने,भुगतना,भुगतनी",3,4,bhugata
भुना,"भुनाने,भुनाएगी,भुनाना",3,5,bhunA
भुला,"भुलाने,भुलाया,भुलाकर,भुला",4,7,bhulA
भूल,"भूल,भूलें,भूले,भूलकर,भूलीं,भूलिएगा,भूलतीं,भूला,भूली,भूलिये,भूलते",11,35,bhUla
भेज,"भेजते,भेजने,भेज,भेजना,भेजा,भेजी,भेजे,भेजकर,भेजती,भेजेंगे,भेजेगा,भेजूंगी",12,263,bheja
भोग,"भोगा,भोगे,भोग,भोगने",4,12,bhoga
भड़क,"भड़क,भड़केगा,भड़की,भड़के",4,12,bha.Daka
भड़का,"भड़काया,भड़काने",2,3,bha.DakA
मंगवा,"मंगवाया,मंगवाए,मंगवाकर",3,3,maMgavA
मंगा,"मंगा,मंगाकर,मंगाने,मंगाए,मंगाई",5,7,maMgA
मंझे,मंजे,1,1,maMjhe
मंडरा,"मंडराने,मंडराते,मंडरा",3,4,maMDarA
मच,"मचा,मच,मची,मचे",4,17,macha
मचल,मचल,1,2,machala
मचा,"मचाया,मचाने,मचाएं,मचाई",4,6,machA
मढ,"मढ़ने,मढ़ने",2,2,maDha
मथ,मथ,1,1,matha
मनवा,मनवाते,1,1,manavA
मना,"मना,मनाने,मनाएंगे,मनाएगी,मनाया,मनाकर,मनाए,मनाएगीं,मनाएगा,मनाते,मनाएं",11,74,manA
मर,"मर,मरने,मरता,मरी,मरे,मरेंगे,मरती,मरवाने,मरते",9,60,mara
मल,मले,1,2,mala
माँग,"माँगता,माँगी,माँग,माँगे,माँगा,माँगने,माँगेगा,माँगें,माँगूगी,माँगना,माँगते",11,59,mA.Nga
मांग,"मांग,मांगे,मांगी,मांगने,मांगना,मांगा,मांगते,मांगनी,मांगती,मांगू,मांगो,मांगता,मांगेंगे,मांगेगी",14,308,mAMga
मान,"माना,मानी,मानते,मान,मानें,मानना,मानता,माने,मानकर,मानने,मानेंगे,मानती,माननी,मानो,मानेगा",15,375,mAna
माप,"मापे,मापा,मापकर,मापने,मापी",5,2,mApa
मार,"मार,मारे,मारने,मारा,मारी,मारकर,मारती,मारेंगे,मारता",9,298,mAra
मिट,मिट,1,4,miTa
मिटा,"मिटा,मिटाया,मिटाने,मिटाता",4,12,miTA
मिल,"मिले,मिला,मिलेंगे,मिलते,मिली,मिल,मिलने,मिलेगी,मिलता,मिलकर,मिलती,मिलेगा,मिलीं,मिलना,मिली.,मिलनी,मिलेंगी,मिलें,मिलवाया,मिलेगीं,मिलूंगी,मिलूं,मिलोगी",23,938,mila
मिला,"मिलाया,मिलाना,मिलाने,मिलाते,मिलाएं,मिलाइए,मिलाएँ,मिलाएगा,मिलाए",9,25,milA
मुकर,"मुकर,मुकरने",2,11,mukara
मुरझा,"मुरझाया,मुरझाये",2,2,murajhA
मुस्कुरा,"मुस्कुराना,मुस्कुरा",2,1,muskurA
मुड़,"मुड़,मुड़कर",2,2,mu.Da
मूंद,"मूंदे,मूंद",2,2,mUMda
मूंदकर,मूंदकर,1,1,mUMdakara
मोड,"मोड,मोड़ते",2,3,moDa
मोड़,"मोड़ी,मोड़",2,2,mo.Da
मोह,"मोह,मोहने",2,6,moha
मोड़,"मोड़ा,मोड़,मोड़ना",3,8,mo.Da
रंग,"रंगा,रंग,रंगे",3,19,raMga
रख,"रखते,रखे,रखती,रखेगी,रखा,रख,रखी,रखेगा,रखने,रखकर,रखना,रखेंगे,रखनी,रखता,रखें,रखीं,रखो,रखोगी,रखवाएगा,रखूंगा",20,532,rakha
रखवा,रखवा,1,1,rakhavA
रगड,रगड़ते,1,3,ragaDa
रच,"रच,रचे,रचने,रचते,रची,रचा",6,20,racha
रचा,रचाई,1,1,rachA
रटा,रटाई,1,1,raTA
रम,"रमने,रम",2,3,rama
रह,"रहा,रही,रहे,रहती,रहीं,रहेगा,रहेगी,रहेंगी,रह,रहते,रहता,रहेंगे,रहकर,रहने,रहनी,रहना,रहें,रहो,रहूंगी,रहूँगा,रहोगे,रहिए,रहूंगा",23,770,raha
रिझा,"रिझा,रिझाया",2,2,rijhA
रिस,"रिस,रिसने",2,2,risa
रुक,"रुकने,रुक,रुका,रुकी,रुकेगी,रुके,रुकती,रुकते,रुकेगा,रुकना",10,27,ruka
रुकवा,"रुकवाने,रुकवाई",2,2,rukavA
रूक,"रूकने,रूका",2,3,rUka
रूठ,"रूठा,रूठ",2,2,rUTha
रेंग,"रेंगते,रेंग",2,2,reMga
रेत,रेत,1,4,reta
रो,"रोया,रोये,रोते,रोने,रो,रोकर",6,19,ro
रोक,"रोक,रोकना,रोकने,रोका,रोकता,रोकते,रोकती,रोककर,रोके,रोकें,रोकेगा",11,203,roka
रोप,"रोपकर,रोपा",2,3,ropa
रौंद,रौंदने,1,2,rauMda
लग,"लग,लगी,लगा,लगता,लगे,लगने,लगती,लगना,लगेगा,लगनी,लगवाती,लगते,लगतीं,लगेगी,लगेंगे,लगीं,लगवाई,लगवाए",18,357,laga
लगवा,"लगवा,लगवाएं,लगवाएँ",3,1,lagavA
लगा,"लगाया,लगाए,लगाना,लगाने,लगाई,लगाते,लगाये,लगायी,लगाकर,लगाएं,लगाएगा,लगाएगी,लगानी,लगाती,लगाएंगी,लगाइएगा,लगाता,लगाएंगे,लगाइये,लगाएँगे,लगाईं",21,599,lagA
लटक,"लटक,लटकती,लटके,लटकाने,लटकते",5,7,laTaka
लटका,"लटकाकर,लटकाते",2,3,laTakA
लड,"लड़कर,लड़ने,लड़,लड़े,लड़ेगी,लड़ते,लड़ेगा,लड़ी",8,35,laDa
लड़,"लड़ने,लड़ते,लड़,लड़ता",4,4,la.Da
लतिया,लतिया,1,2,latiyA
लद,लदे,1,2,lada
लपक,"लपके,लपका,लपक",3,3,lapaka
लपेट,"लपेटी,लपेट,लपेटा,लपेटकर",4,6,lapeTa
ललकार,ललकारा,1,2,lalakAra
लहरा,"लहराया,लहराते,लहराएगा,लहराती",4,6,laharA
लहलहा,लहलहाती,1,1,lahalahA
ला,"लाने,ला,लाएगी,लाया,लाएगा,लाई,लाए,लाना,लाएं,लानी,लाकर,लाएंगे,लाते,लाती,लाये,लायीं,लाता,लाओ,लायी",19,171,lA
लाँघ,लाँघ,1,1,lA.Ngha
लांघ,"लांघने,लांघ,लांघी",3,2,lAMgha
लाद,"लादने,लादें,लादकर",3,1,lAda
लिख,"लिखा,लिखे,लिख,लिखी,लिखना,लिखते,लिखता,लिखें,लिखने,लिखकर,लिखवाई,लिखवा,लिखित,लिखनी,लिखती",15,135,likha
लिखवा,लिखवाया,1,2,likhavA
लिखा,"लिखाने,लिखाया",2,9,likhA
लिपट,"लिपटकर,लिपट,लिपटे,लिपटी",4,3,lipaTa
लील,लीलने,1,2,lIla
लुट,लुट,1,2,luTa
लुटा,"लुटाने,लुटा",2,3,luTA
लुढक,"लुढ़क,लुढ़ककर",2,6,luDhaka
लुभा,"लुभाएगा,लुभाएंगे,लुभाने,लुभाता,लुभा,लुभाती,लुभाते",7,13,lubhA
लुढ़कर,लुढ़कर,1,1,luढ़kara
लूट,"लूटने,लूटकर,लूट,लूटी,लूटे,लूटता",6,16,lUTa
ले,"लेकर,ले,लिया,लें,लेगी,लेंगे,लेते,लेगा,लेता,ली,लेने,लेना,लेनी,लिये,लिए,लेती,लीजिए,लो,लेंगें,लेंगी,लूँ,लीजिये",22,1244,le
लेट,"लेटी,लेटे",2,5,leTa
लेटा,लेटा,1,1,leTA
लोट,लोट,1,1,loTa
लौट,"लौटे,लौट,लौटता,लौटने,लौटते,लौटी,लौटना,लौटेंगे,लौटूंगी,लौटकर,लौटें,लौटेगी",12,84,lauTa
लौटा,"लौटाने,लौटाना,लौटा,लौटाया",4,8,lauTA
लड़,"लड़ा,लड़ेंगे,लड़ना,लड़नी,लड़ूंगी",5,22,la.Da
लड़खड़ा,लड़खड़ा,1,1,la.Dakha.DA
वसूल,"वसूलने,वसूल,वसूला",3,13,vasUla
वीन,वीनने,1,1,vIna
शरमा,शरमाते,1,1,sharamA
सँवर,"संवरकर,संवरीं",2,1,sa.Nvara
सँवार,"संवार,संवारने",2,5,sa.NvAra
संजो,"संजोए,संजोकर,संजोये,संजो",4,1,saMjo
संभल,"संभल,संभलकर,संभला",3,3,saMbhala
संभाल,"संभाल,संभालने,संभालते,संभालना,संभालेंगे,संभाले,संभालेंगीं,संभाला,संभालकर,संभाली,संभालेंगी,संभालता",12,35,saMbhAla
संवर,संवर,1,1,saMvara
सक,सकता,1,1,saka
सज,"सजा,सजी,सजने,सजे",4,10,saja
सजा,"सजाकर,सजाएं,सजाने,सजाइए,सजाया,सजाएंगे,सजाए",7,67,sajA
सट,"सटे,सटा,सटी,सटकर",4,14,saTa
सड,"सड़,सड़ते",2,2,saDa
सडा,सड़ायेंगे,1,1,saDA
सता,"सताई,सता,सताने,सताए",4,7,satA
सध,"सधे,सधी,सधा",3,2,sadha
सन,सना,1,3,sana
समझ,"समझना,समझने,समझा,समझते,समझता,समझ,समझी,समझकर,समझिए,समझो,समझे,समझती,समझें,समझेंगे",14,122,samajha
समझा,"समझाने,समझाया,समझाना,समझाते,समझाऊँ",5,17,samajhA
समा,"समाए,समाया,समा",3,6,samA
समेट,"समेटे,समेटने,समेट",3,4,sameTa
सरक,"सरका,सरकते,सरकने,सरकती",4,2,saraka
सरका,सरकाया,1,1,sarakA
सराह,सराहा,1,2,sarAha
सह,"सहने,सहेंगे,सहोगे",3,4,saha
सहम,सहम,1,1,sahama
सहला,सहलाते,1,2,sahalA
सहेज,सहेजने,1,1,saheja
साध,"साधा,साधते,साध,साधे,साधने",5,30,sAdha
सिखा,"सिखाई,सिखाया,सिखाना,सिखाने,सिखा,सिखायेगी,सिखाते",7,11,sikhA
सिधार,सिधार,1,1,sidhAra
सिमट,"सिमटती,सिमट",2,1,simaTa
सिल,सिले,1,2,sila
सिसक,सिसकते,1,1,sisaka
सिहर,सिहरा,1,1,sihara
सींच,"सींच,सींचती",2,2,sIMcha
सीख,"सीख,सीखते,सीखा,सीखने,सीखो,सीखे,सीखीं,सीखना",8,11,sIkha
सुखा,"सुखा,सुखाकर,सुखाने,सुखाए",4,1,sukhA
सुझा,"सुझाई,सुझाया,सुझाएगी,सुझाने,सुझाए",5,10,sujhA
सुधर,"सुधरने,सुधरता,सुधरी,सुधरे,सुधरेगी,सुधरेंगे,सुधर,सुधरते",8,13,sudhara
सुधार,"सुधारने,सुधारा,सुधारनी,सुधारना,सुधारते,सुधारें,सुधारी,सुधार",8,63,sudhAra
सुन,"सुन,सुना,सुनी,सुने,सुनने,सुननी,सुनें,सुनकर,सुनना,सुनेंगे,सुनते,सुनता,सुनिए,सुनो,सुनिएगा",15,86,suna
सुनवाना,सुनवाने,1,1,sunavAnA
सुना,"सुनाई,सुनाकर,सुनाने,सुनाया,सुनाएगी,सुनाए,सुनाते,सुनाना,सुनाएगा",9,41,sunA
सुलग,सुलग,1,3,sulaga
सुलगा,सुलगा,1,1,sulagA
सुलझ,"सुलझी,सुलझा,सुलझ,सुलझता,सुलझने",5,10,sulajha
सुलझा,"सुलझाने,सुलझाया,सुलझाए,सुलझाना,सुलझाई",5,33,sulajhA
सूंघ,"सूंघने,सूंघना,सूंघ",3,2,sUMgha
सूख,"सूख,सूखा,सूखे,सूखने,सूखी,सूखते",6,3,sUkha
सूज,"सूज,सूजे",2,1,sUja
सूझ,"सूझ,सूझता,सूझना",3,8,sUjha
सेंक,"सेंकने,सेंकती,सेंक",3,3,seMka
सेक,सेकते,1,1,seka
सो,"सोते,सोने,सो,सोए,सोता,सोयेगा,सोये",7,23,so
सोच,"सोची,सोचने,सोचे,सोचना,सोचें,सोचिए,सोचते,सोचिये,सोचा,सोच,सोचकर,सोचता,सोचती",13,58,socha
सौंप,"सौंप,सौंपा,सौंपने,सौंपी,सौंपना,सौंपे,सौंपेगी,सौंपेंगे,सौंपेगा,सौंपकर",10,144,sauMpa
सौप,सौपा,1,1,saupa
स्वीकार,स्वीकारते,1,98,svIkAra
सड़,सड़ने,1,1,sa.Da
हँस,हंसने,1,1,ha.Nsa
हंस,"हंसना,हंस",2,2,haMsa
हट,"हटते,हटकर,हट,हटेंगे,हटेगा,हटना,हटने,हटती,हटतीं,हटी,हटवाएं",11,26,haTa
हटा,"हटाता,हटाया,हटा,हटाने,हटाना,हटाई,हटाकर,हटाए,हटाते,हटाएंगे",10,124,haTA
हडप,"हड़पकर,हड़प,हड़पने",3,7,haDapa
हथिया,"हथियाने,हथिया,हथियाना",3,4,hathiyA
हरा,"हराने,हराकर,हरा,हराया,हराना,हराती",6,17,harA
हांक,हांके,1,1,hAMka
हार,"हारकर,हारने,हारे,हारी,हार,हारा,हारती,हारता",8,67,hAra
हिचक,"हिचकते,हिचक",2,3,hichaka
हिचकिचा,"हिचकिचा,हिचकिचाते",2,1,hichakichA
हिल,"हिल,हिलते,हिलने,हिला",4,16,hila
हिला,"हिलाएं,हिलाकर,हिलाते,हिलाने",4,7,hilA
है,"है,हैं,हूं,हूँ,हैँ",5,4942,hai
हो,"हुई,होने,हुआ,होते,होती,होकर,होतीं,होगी,होगा,होता,हुए,होना,होंगे,होनी,हों,हुये,हुईं,होनेवाला,होंगी,हुयी,होनेवाले,होनेवाली,हुए...,होगीं,होगे,होऊंगा",26,4472,ho
होप,होप,1,3,hopa
