root,verb_forms,count_vf,frequency,romanized,root_length
v,,1.0,13.0,v,1
अजमा,अजमा,1.0,1.0,ajamA,4
अट,अटे,1.0,1.0,aTa,2
अटक,"अटक,अटकता,अटकने,अटके",4.0,3.0,aTaka,3
अटका,अटकाने,1.0,1.0,aTakA,4
अड,"अड़ी,अड़,अड़े",3.0,5.0,aDa,2
अनजान,अनजाने,1.0,2.0,anajAna,5
अपना,"अपनाई,अपनाये,अपनाना,अपनाया,अपनायी,अपनाने,अपनायें,अपना,अपनानी,अपनाता,अपनाएगी,अपनाते,अपनाए,अपनाती,अपनाओगे,अपनाएगा",16.0,1593.0,apanA,4
अलाप,"अलापा,अलापते",2.0,3.0,alApa,4
अड़,"अड़ा,अड़कर,अड़े",3.0,4.0,a.Da,2
आ,"आई,आ,आना,आकर,आए,आया,आने,आएगी,आती,आएंगे,आएगा,आते,आता,आये,आयी,आईं,आएं,आइए,आएँ,आनी,आएंगी,आओ,आएँगे,आऊँगा,आओगे,आनेवाले",26.0,1056.0,A,1
आँक,"आँकी,आँक",2.0,6.0,A.Nka,3
आंक,"आंकी,आंकते,आंका,आंकें",4.0,5.0,AMka,3
आंकना,आंकना,1.0,1.0,AMkanA,5
आजमा,"आज़मा,आजमाया,आजमाने,आजमाना,आजमा,आजमाकर",6.0,7.0,AjamA,4
आन,आन,1.0,1.0,Ana,2
इज,इज,1.0,2.0,ija,2
उकसा,"उकसाना,उकसाते,उकसाया,उकसाने",4.0,3.0,ukasA,4
उकेर,"उकेरी,उकेरा,उकेरे",3.0,2.0,ukera,4
उखड,"उखड़,उखड़े",2.0,4.0,ukhaDa,3
उखड़,उखड़े,1.0,1.0,ukha.Da,4
उखाड,"उखाड़ने,उखाड़,उखाड़कर,उखाड़",4.0,6.0,ukhADa,4
उग,"उगा,उगता,उगने,उगेगा,उगते,उग",6.0,1.0,uga,2
उगल,"उगलते,उगलवा,उगलने,उगलवाने",4.0,4.0,ugala,3
उगा,"उगाया,उगाई,उगाने,उगाएं",4.0,4.0,ugA,3
उगाह,उगाह,1.0,1.0,ugAha,4
उघाड,उघाड़,1.0,1.0,ughADa,4
उछल,"उछल,उछले,उछलती,उछलकर,उछलने,उछलते",6.0,7.0,uChala,3
उछाल,"उछाला,उछालने,उछाली,उछाल",4.0,18.0,uChAla,4
उजड,उजड़े,1.0,2.0,ujaDa,3
उठ,"उठा,उठने,उठ,उठता,उठते,उठे,उठती,उठकर,उठी,उठतीं,उठेंगे,उठो,उठेगा",13.0,64.0,uTha,2
उठा,"उठाए,उठाई,उठाना,उठाने,उठाते,उठाता,उठाये,उठाएं,उठाइए,उठाकर,उठाया,उठाएंगे,उठाएगी,उठाएगा,उठाएँगे,उठानी,उठाती,उठायी,उठाइएगा,उठाएँ",20.0,246.0,uThA,3
उड,"उड़,उड़ता,उड़ने",3.0,8.0,uDa,2
उडा,"उड़ाते,उड़ाने,उड़ाया",3.0,6.0,uDA,3
उतर,"उतरने,उतरता,उतरेगा,उतरेंगे,उतर,उतरे,उतरना,उतरकर,उतरी,उतरते,उतरा,उतरती",12.0,56.0,utara,3
उतरा,"उतराती,उतराते",2.0,1.0,utarA,4
उतार,"उतारा,उतारे,उतारेगी,उतार,उतारने,उतारेंगी,उतारी,उतारेगा,उतारेंगे,उतारकर,उतारना",11.0,30.0,utAra,4
उधेड,उधेड़ी,1.0,1.0,udheDa,4
उपज,"उपजने,उपजे,उपजी",3.0,6.0,upaja,3
उफनाने,उफनाने,1.0,1.0,uphanAne,6
उबर,"उबरे,उबरने,उबरते,उबर,उबरना,उबरकर",6.0,18.0,ubara,3
उबल,उबल,1.0,1.0,ubala,3
उबार,"उबारने,उबारा",2.0,4.0,ubAra,4
उबाल,"उबाल,उबालें,उबालिए,उबालकर",4.0,2.0,ubAla,4
उभर,"उभरते,उभर,उभरता,उभरे,उभरती,उभरेगी,उभरने,उभरा,उभरकर",9.0,22.0,ubhara,3
उमड,"उमड़ी,उमड़ी,उमड़ा,उमड़ने",4.0,4.0,umaDa,3
उलझ,"उलझना,उलझने,उलझ",3.0,5.0,ulajha,3
उलट,"उलट,उलटकर",2.0,4.0,ulaTa,3
उलटपुलट,उलटपुलटकर,1.0,1.0,ulaTapulaTa,7
उड़,"उड़ती,उड़ेंगी",2.0,6.0,u.Da,2
उड़ा,"उड़ा,उड़ाना,उड़ाकर,उड़ाते,उड़ाई",5.0,19.0,u.DA,3
ऐंठ,ऐंठते,1.0,1.0,aiMTha,3
ऐठ,"ऐठने,ऐठा",2.0,2.0,aiTha,2
ओढ,"ओढ़कर,ओढ़े",2.0,1.0,oDha,2
ओढ़ा,ओढ़ाया,1.0,1.0,o.DhA,4
कंपकंपा,कंपकंपा,1.0,1.0,kaMpakaMpA,7
कट,"कटवा,कटे,कटने,कटकर,कटी,कटा,कट,कटेगी",8.0,8.0,kaTa,2
कढ,कढ़ी,1.0,1.0,kaDha,2
कतर,कतर,1.0,4.0,katara,3
कतरा,"कतरा,कतराता,कतराती",3.0,5.0,katarA,4
कबूल,कबूलने,1.0,6.0,kabUla,4
कमा,"कमाए,कमा,कमाने,कमाया,कमाकर,कमाओ",6.0,16.0,kamA,3
कर,"किया,की,कर,करने,करें,करते,करेगी,करेंगे,करती,किए,करता,कीं,करना,करेगा,करके,किये,करे,करनी,कीजिये,करनेवाले,करवाते,करेंगी,करवाया,करो,कराके,करूँगी,करवाकर,करूंगा,करतीं,करवाएंगे,करेगें,करूंगी,करुंगी,करूँगा,करूं,करोगे,करूँ,कीजिएगा,करोगी,करवाएगा",40.0,9547.0,kara,2
करवा,"करवा,करवाता,करवाए,करवाने,करवाना,करवाई,करवाएगी,करवाती",8.0,21.0,karavA,4
करा,"कराना,कराने,करा,कराये,करायी,कराकर,कराई,कराते,कराती,कराया,कराएगी,कराएंगे,कराए,कराओ,कराता,कराएगा,कराऊंगा,कराएं,करानी,कराएगें,कराइए",21.0,388.0,karA,3
कराह,"कराहते,कराह",2.0,3.0,karAha,4
कस,"कस,कसा,कसने,कसना,कसता,कसी",6.0,13.0,kasa,2
कसमसा,कसमसाते,1.0,1.0,kasamasA,5
कह,"कह,कहते,कहा,कहना,कहे,कही,कहकर,कहती,कहें,कहेगी,कहता,कहूंगा,कहतीं,कहीं,कहनी,कहेंगे,कहेंगी,कहोगी,कहूँगा,कहो,कहिए",21.0,3903.0,kaha,2
कहला,"कहलाती,कहलाता,कहलाते,कहलाएँगे,कहलाने,कहलाएंगे",6.0,6.0,kahalA,4
कांप,"कांप,कांपने,कांपेंगे,कांपते",4.0,5.0,kAMpa,4
काट,"काटने,काटे,काटते,काट,काटता,काटना,काटती,काटी,काटें,काटकर,काटनी,काटा",12.0,44.0,kATa,3
कुचल,"कुचलकर,कुचल,कुचलने,कुचलना,कुचलता",5.0,13.0,kuchala,4
कुतर,कुतरा,1.0,1.0,kutara,4
कुबूल,कुबूलने,1.0,2.0,kubUla,5
कुरेद,"कुरेदते,कुरेदने",2.0,2.0,kureda,5
कूद,"कूद,कूदने,कूदकर,कूदी,कूदेंगी,कूदा",6.0,8.0,kUda,3
कोस,"कोसते,कोसो,कोसने",3.0,9.0,kosa,3
कौंध,कौंधी,1.0,2.0,kauMdha,4
कढ़ा,कढ़े,1.0,1.0,kaढ़A,3
खंगाल,"खंगाले,खंगालना",2.0,2.0,khaMgAla,5
खटक,"खटक,खटकती",2.0,4.0,khaTaka,3
खटखटा,"खटखटाना,खटखटाया,खटखटाएंगे,खटखटाओ",4.0,9.0,khaTakhaTA,5
खदेड,"खदेड़,खदेड़ने,खदेड़ा",3.0,6.0,khadeDa,4
खरीद,"खरीद,खरीदना,खरीदने,खरीदा,खरीदनी,खरीदे,खरीदकर,खरीदी,खरीदेगी,खरीदें",10.0,97.0,kharIda,4
खर्च,खर्च,1.0,75.0,kharcha,4
खा,"खाने,खाते,खाई,खा,खाकर,खाता,खाया,खानी,खाना,खाऊंगी,खाएँ,खाके,खाइये,खाएंगे,खाएगा,खाइए,खाए",17.0,70.0,khA,2
खिँच,"खिंचवाए,खिंचवाई",2.0,3.0,khi.Ncha,4
खिँचवा,खिंचवाने,1.0,1.0,khi.NchavA,6
खिंचवा,खिंचवाणा,1.0,1.0,khiMchavA,6
खिल,"खिलने,खिल,खिली,खिले,खिलते,खिलता",6.0,9.0,khila,3
खिला,"खिलाता,खिलाएं,खिलाया,खिलाना,खिलाते,खिलाने,खिलाई,खिलाकर,खिला,खिलानी,खिलाओ",11.0,8.0,khilA,4
खिसक,"खिसकती,खिसक,खिसकने,खिसककर",4.0,10.0,khisaka,4
खिसिया,"खिसियाये,खिसिया",2.0,2.0,khisiyA,6
खींच,"खींचा,खींच,खींचने,खींचेगा,खींची,खींचता,खींचना,खींचती,खींचते,खींचनी,खींचो",11.0,29.0,khIMcha,4
खीच,खीचीं,1.0,1.0,khIcha,3
खीझ,खीझकर,1.0,1.0,khIjha,3
खुद,"खुदवाया,खुदे",2.0,104.0,khuda,3
खुल,"खुली,खुले,खुल,खुलने,खुला,खुलती,खुलेंगे,खुलीं,खुलेगा,खुलकर,खुलते,खुलेंगी,खुलता",13.0,73.0,khula,3
खुलवा,"खुलवा,खुलवाने,खुलवाया,खुलवाकर,खुलवाए",5.0,10.0,khulavA,5
खेल,"खेलने,खेल,खेले,खेलते,खेलकर,खेली,खेलना,खेला,खेलें,खेलती,खेलो,खेलीं",12.0,93.0,khela,3
खेला,खेलाया,1.0,1.0,khelA,4
खो,"खो,खोने,खोते,खोएं,खोना,खोई,खोकर",7.0,27.0,kho,2
खोज,"खोज,खोजने,खोजते,खोजी,खोजे,खोजना,खोजा",7.0,27.0,khoja,3
खोद,"खुदवाने,खोदने,खोदकर,खोद",4.0,3.0,khoda,3
खोल,"खोलने,खोलें,खोल,खोलकर,खोले,खोला,खोलेगा,खोलते,खोली,खोलना,खोलेंगे",11.0,109.0,khola,3
खौल,खौलता,1.0,1.0,khaula,3
खड़क,खड़कने,1.0,1.0,kha.Daka,3
खड़ा,"खड़ा,खड़े",2.0,52.0,kha.DA,3
गँवा,"गंवाना,गंवा,गंवाने,गंवानी,गँवाने",5.0,5.0,ga.NvA,4
गंवा,"गंवाई,गंवाए",2.0,3.0,gaMvA,4
गड,गड़ी,1.0,1.0,gaDa,2
गडबडा,गड़बड़ाए,1.0,1.0,gaDabaDA,5
गढ,गढ़,1.0,1.0,gaDha,2
गरज,"गरजे,गरजते,गरजने",3.0,7.0,garaja,3
गरमा,"गरमा,गरमाया",2.0,3.0,garamA,4
गरिया,गरियाते,1.0,1.0,gariyA,5
गल,"गलने,गल,गला",3.0,1.0,gala,2
गवा,"गवाया,गवाने,गवाते",3.0,2.0,gavA,3
गवाँ,गवांनी,1.0,1.0,gavA.N,4
गहरा,"गहराने,गहरा",2.0,10.0,gaharA,4
गा,"गाकर,गाते,गा,गाया,गाए,गाने,गाओ",7.0,7.0,gA,2
गिना,"गिनाए,गिनाते,गिनाया",3.0,6.0,ginA,4
गिर,"गिरना,गिर,गिरी,गिरकर,गिरती,गिरा,गिरते,गिरे,गिरता,गिरीं",10.0,56.0,gira,3
गिरा,"गिराए,गिराने,गिराया,गिराना",4.0,18.0,girA,4
गुजर,"गुजरने,गुजर,गुज़रने,गुजरना,गुजरती,गुजरते,गुजरे,गुजरा,गुजरेगा,गुज़रना,गुजरेंगे,गुजरी,गुजरता",13.0,27.0,gujara,4
गुजार,"गुजारने,गुजारनी,गुजारी,गुजारना",4.0,6.0,gujAra,5
गुर्रा,गुर्राते,1.0,1.0,gurrA,6
गुस्सा,"गुस्साए,गुस्साई",2.0,20.0,gussA,6
गूँज,"गूँजा,गूँजती,गूँजने,गूँज",4.0,1.0,gU.Nja,4
गूंज,"गूंजने,गूंज",2.0,5.0,gUMja,4
गूंजा,गूंजी,1.0,2.0,gUMjA,5
गूंथ,"गूंथ,गूंथे,गूंथें",3.0,2.0,gUMtha,4
गड़ा,गड़ाए,1.0,1.0,ga.DA,3
घट,"घटती,घटा,घटे,घट,घटकर,घटते,घटी,घटने,घटेंगी,घटता",10.0,24.0,ghaTa,2
घटा,"घटाएं,घटाकर,घटाने,घटाया,घटाए,घटाई",6.0,17.0,ghaTA,3
घनघना,घनघना,1.0,2.0,ghanaghanA,5
घबरा,"घबराए,घबरा,घबराने,घबराकर",4.0,5.0,ghabarA,4
घसीट,"घसीटने,घसीटना",2.0,3.0,ghasITa,4
घिर,"घिरे,घिरा,घिर,घिरी,घिरने",5.0,15.0,ghira,3
घिरा,घिरे,1.0,1.0,ghirA,4
घुट,घुटते,1.0,2.0,ghuTa,3
घुमा,"घुमाएं,घुमाने,घुमाता",3.0,2.0,ghumA,4
घुल,"घुलने,घुले,घुल,घुलते",4.0,4.0,ghula,3
घुस,"घुसता,घुस,घुसी,घुसते,घुसने,घुसकर,घुसे,घुसा",8.0,37.0,ghusa,3
घूम,"घूमने,घूमना,घूमती,घूमें,घूम,घूमकर,घूमते,घूमा,घूमे,घूमता",10.0,27.0,ghUma,3
घेर,"घेर,घेरने,घेरा",3.0,18.0,ghera,3
चकरा,चकरा,1.0,1.0,chakarA,4
चटक,चटकते,1.0,1.0,chaTaka,3
चटका,"चटकाए,चटकाने",2.0,2.0,chaTakA,4
चटा,चटा,1.0,1.0,chaTA,3
चढ,"चढ़,चढ,चढकर",3.0,10.0,chaDha,2
चढ़,"चढ़ने,चढ़े,चढ़ते,चढ़कर",4.0,2.0,cha.Dha,3
चढ़ा,"चढ़ाने,चढ़ाते",2.0,3.0,cha.DhA,4
चढा,"चढ़ा,चढ़ाने,चढ़ाए,चढ़ाया,चढाती,चढ़ाते",6.0,9.0,chaDhA,3
चमक,"चमकती,चमकते,चमकता",3.0,6.0,chamaka,3
चमचमा,चमचमाती,1.0,1.0,chamachamA,5
चरमरा,चरमरा,1.0,4.0,charamarA,5
चरा,चराने,1.0,2.0,charA,3
चल,"चले,चली,चल,चला,चलता,चलेंगी,चलेगी,चलने,चलेगा,चलते,चलकर,चलती,चलें,चलेंगे,चलना,चलतीं,चलीं,चलो,चलोगे,चलिए",20.0,462.0,chala,2
चला,"चलाने,चलाया,चलाए,चलाते,चलाई,चलाये,चलाना,चलाएं,चलाएँ,चलाइए,चलाता,चलाकर,चलायी,चलानी,चलाईं,चलाएंगे,चलाएगा,चलाती,चलाएँगे",19.0,129.0,chalA,3
चहक,चहकते,1.0,1.0,chahaka,3
चाट,"चाट,चाटनी",2.0,2.0,chATa,3
चाह,"चाहें,चाहती,चाहते,चाहेगा,चाहा,चाहे,चाहता,चाहेंगे,चाही,चाहने,चाहतीं,चाहो,चाह",13.0,331.0,chAha,3
चाहिए,चाहिए,1.0,21.0,chAhie,5
चाहिये,चाहिये,1.0,11.0,chAhiye,6
चिढ,चिढ़,1.0,1.0,chiDha,3
चिपक,"चिपकी,चिपक,चिपका",3.0,1.0,chipaka,4
चिपका,चिपकाये,1.0,2.0,chipakA,5
चिल्ला,"चिल्लाते,चिल्लाती,चिल्ला,चिल्लाकर,चिल्लाना,चिल्लाई,चिल्लाओ,चिल्लाने",8.0,8.0,chillA,6
चीर,चीरती,1.0,1.0,chIra,3
चुका,"चुकानी,चुकाए,चुकाई,चुकाना,चुकाते,चुकाने,चुकाया",7.0,11.0,chukA,4
चुन,"चुना,चुन,चुनने,चुनना,चुने,चुनी,चुनेंगे,चुनें,चुनकर,चुनता,चुनेगी",11.0,59.0,chuna,3
चुरा,"चुराकर,चुराएं,चुराने,चुराए,चुरा",5.0,8.0,churA,4
चूक,"चूक,चूके,चूका,चूकेगी,चूकने",5.0,10.0,chUka,3
चेत,चेतना,1.0,1.0,cheta,3
चेता,चेताया,1.0,5.0,chetA,4
चौंक,"चौंका,चौंक",2.0,1.0,chauMka,4
चौंका,"चौंकाने,चौंकाया,चौंकाते",3.0,5.0,chauMkA,5
चौक,चौक,1.0,1.0,chauka,3
चढ़,"चढ़ने,चढ़,चढ़कर",3.0,9.0,chaढ़,2
चढ़ा,चढ़ाई,1.0,3.0,chaढ़A,3
छंट,छंटने,1.0,2.0,ChaMTa,3
छट,छटते,1.0,1.0,ChaTa,2
छप,"छपीं,छपी,छपने,छपे,छपवाई,छपती,छपते,छप,छपता,छपवाते,छपवाने",11.0,20.0,Chapa,2
छलक,"छलकते,छलक",2.0,2.0,Chalaka,3
छलका,छलकाए,1.0,1.0,ChalakA,4
छा,"छाई,छाया,छाए,छा,छाते,छाये",6.0,26.0,ChA,2
छांटने,छांटने,1.0,1.0,ChAMTane,6
छान,"छानें,छानकर,छान,छाने",4.0,3.0,ChAna,3
छाप,"छापा,छाप,छपकर,छापी,छापने,छापना,छापनी",7.0,8.0,ChApa,3
छिड,"छिड़े,छिड़,छिड़ेगा,छिड़ी",4.0,5.0,ChiDa,3
छिन,"छिनते,छिन",2.0,2.0,China,3
छिप,"छिपा,छिपे,छिपी,छिपता,छिपकर",5.0,19.0,Chipa,3
छिपा,"छिपाए,छिपाया,छिपाने,छिपाते,छिपाई,छिपाना",6.0,10.0,ChipA,4
छिल,"छीलें,छिला",2.0,2.0,Chila,3
छिड़,"छिड़,छिड़ी",2.0,3.0,Chi.Da,3
छिड़क,छिड़ककर,1.0,1.0,Chi.Daka,4
छीन,"छीन,छीनने,छीनी,छीनना,छीना,छीनती,छीनता",7.0,15.0,ChIna,3
छुट,छुट,1.0,1.0,ChuTa,3
छुडवा,"छुड़वाए,छुड़वाना",2.0,2.0,ChuDavA,5
छुप,"छुपे,छुपा,छुपी,छुप",4.0,3.0,Chupa,3
छुपा,"छुपाने,छुपाए",2.0,9.0,ChupA,4
छुड़वा,छुड़वाया,1.0,1.0,Chu.DavA,5
छुड़ा,"छुड़ाने,छुड़ाकर,छुड़ा",3.0,3.0,Chu.DA,4
छू,"छूती,छू,छूते,छूने,छुआ",5.0,12.0,ChU,2
छूट,"छूटने,छूटे,छूट",3.0,38.0,ChUTa,3
छेड,"छेड़ा,छेड़ने,छेड़ने,छेड़,छेडे",5.0,8.0,CheDa,3
छेड़,"छेड़ते,छेड़ी,छेड़े",3.0,15.0,Che.Da,3
छोड,"छोड़ी,छोडी,छोड़,छोड़ो,छोड़कर,छोड़ने,छोडकर,छोड़े,छोड",9.0,87.0,ChoDa,3
छोड़,"छोड़,छोड़कर,छोड़ने,छोड़ते,छोड़ी,छोड़ना,छोड़ा,छोड़ती,छोड़ो",9.0,10.0,Cho.Da,4
छोड़,"छोड़कर,छोड़ेगी,छोड़ेंगे,छोड़ी,छोड़े,छोड़ने,छोड़ते,छोड़ा,छोड़ूंगा",9.0,89.0,Cho.Da,3
जग,"जगे,जगी",2.0,4.0,jaga,2
जगमगा,"जगमगाने,जगमगा,जगमगाते",3.0,3.0,jagamagA,5
जगा,"जगाई,जगाने,जगाता,जगाया",4.0,3.0,jagA,3
जड,"जड़,जड़े,जड़ा",3.0,1.0,jaDa,2
जड़,जड़े,1.0,1.0,ja.Da,3
जता,"जताई,जताने,जता,जताना,जताया,जताते,जताए,जतायी,जताएंगे",9.0,187.0,jatA,3
जन्म,"जन्मे,जन्में",2.0,11.0,janma,4
जन्मा,जन्में,1.0,3.0,janmA,5
जम,"जमता,जमा,जमी,जम,जमना,जमने,जमे",7.0,31.0,jama,2
जमा,"जमाए,जमाये,जमाएं,जमाया,जमाकर,जमाने,जमाई",7.0,47.0,jamA,3
जल,"जलना,जलने,जल,जलती,जलता,जलकर",6.0,27.0,jala,2
जला,"जलाते,जलाने,जलाना,जला,जलाकर,जलाए,जलाया",7.0,16.0,jalA,3
जा,"जा,जाते,जाने,जाना,जाएं,जानी,जाता,जाती,जाएगा,गया,गये,जाकर,जाएगी,जाएंगी,जाएंगे,जाएँ,गई,जाया,जाए,जाइए,जाएगीं,गईं,जाओ,जाएँगे,जायेंगी,जायेगी,जाओगे,जाऊँगी,जाऊँगा,जाके,जायें,जातीं",32.0,497.0,jA,2
जाग,"जागना,जाग",2.0,3.0,jAga,3
जान,"जानते,जानकर,जानने,जान,जानना,जानती,जानता,जानतीं",8.0,162.0,jAna,3
जानबूझ,"जानबूझ,जानबूझकर",2.0,1.0,jAnabUjha,6
जिता,"जिताने,जिताना,जिताए",3.0,1.0,jitA,4
जी,"जी,जीते,जीने,जियेगी,जियूँ",5.0,24.0,jI,2
जीत,"जीतने,जीता,जीत,जीती,जीतेंगीं,जीतकर,जीतते,जीतीं,जीतना,जीतता,जीतेगा",11.0,82.0,jIta,3
जीना,जीने,1.0,3.0,jInA,4
जुट,"जुटा,जुटे,जुट,जुटी,जुटेंगे,जुटते,जुटने",7.0,59.0,juTa,3
जुटा,"जुटाए,जुटाया,जुटाने,जुटाई,जुटाना,जुटाकर",6.0,33.0,juTA,4
जुड,"जुड़ा,जुड़ी,जुड़े,जुड़कर",4.0,53.0,juDa,3
जुड़,"जुड़े,जुड़ा,जुड़ी,जुड़,जुड़कर",5.0,5.0,ju.Da,4
जुल,जुलती,1.0,2.0,jula,3
जुड़,"जुड़ने,जुड़ना,जुड़",3.0,68.0,ju.Da,3
जूझ,"जूझ,जूझना,जूझने,जूझते",4.0,19.0,jUjha,3
जोड,"जोड़े,जोड़,जोड़ेगा,जोड़कर,जोड़े,जोड़ना",6.0,30.0,joDa,3
जोत,"जोतते,जोता",2.0,1.0,jota,3
जोह,जोह,1.0,1.0,joha,3
जोड़,"जोड़कर,जोड़ा,जोड़ना,जोड़ने,जोड़,जोड़ती",6.0,32.0,jo.Da,3
जड़,जड़,1.0,6.0,ja.Da,2
झटक,"झटक,झटके,झटकने",3.0,3.0,jhaTaka,3
झटपटा,झटपटाते,1.0,1.0,jhaTapaTA,5
झलक,"झलक,झलकता,झलकना",3.0,9.0,jhalaka,3
झाँक,"झाँकने,झाँकती,झाँकते",3.0,2.0,jhA.Nka,4
झांक,झांककर,1.0,1.0,jhAMka,4
झाड,झाड़ना,1.0,2.0,jhADa,3
झाड़,झाड़ने,1.0,4.0,jhA.Da,3
झुक,"झुक,झुकना,झुककर,झुका,झुकें,झुकने,झुकी,झुकता,झुकते",9.0,9.0,jhuka,3
झुका,"झुकाओगे,झुका",2.0,4.0,jhukA,4
झुठला,"झुठला,झुठलाते,झुठलाने",3.0,3.0,jhuThalA,5
झुलस,झुलसते,1.0,1.0,jhulasa,4
झूल,"झूलती,झूल,झूलते",3.0,1.0,jhUla,3
झेल,"झेल,झेलना,झेलनी,झेले,झेलने",5.0,13.0,jhela,3
झोंक,"झोंकने,झोंक",2.0,4.0,jhoMka,4
झोक,झोको,1.0,1.0,jhoka,3
टंग,टंगा,1.0,1.0,TaMga,3
टकरा,"टकराने,टकरा,टकराई,टकरायी,टकराएगा,टकराते,टकराती",7.0,11.0,TakarA,4
टटोल,"टटोलकर,टटोलें",2.0,2.0,TaTola,4
टपक,टपक,1.0,1.0,Tapaka,3
टल,"टल,टलने,टला,टलती",4.0,7.0,Tala,2
टहल,"टहलने,टहलीं",2.0,2.0,Tahala,3
टाल,"टालता,टाल,टालने,टालते,टाला,टाली",6.0,35.0,TAla,3
टिक,"टिकी,टिक,टिका,टिकने",4.0,14.0,Tika,3
टिका,"टिकाकर,टिकाये",2.0,2.0,TikA,4
टूट,"टूट,टूटी,टूटती,टूटने,टूटकर,टूटे,टूटा,टूटते,टूटना",9.0,36.0,TUTa,3
टेक,"टेक,टेका,टेकने,टेके",4.0,5.0,Teka,3
टोक,"टोकना,टोकती",2.0,3.0,Toka,3
ठग,"ठगी,ठग,ठगने",3.0,12.0,Thaga,2
ठन,ठन,1.0,1.0,Thana,2
ठहर,"ठहर,ठहरिये,ठहरे,ठहरें,ठहरने,ठहरी,ठहरना,ठहरेंगे,ठहरकर,ठहरते",10.0,32.0,Thahara,3
ठहरा,"ठहराया,ठहराते,ठहरा,ठहराए,ठहराने,ठहराती,ठहराकर",7.0,43.0,ThaharA,4
ठान,ठान,1.0,2.0,ThAna,3
ठिठक,ठिठक,1.0,2.0,ThiThaka,4
ठिठुरा,ठिठुरा,1.0,2.0,ThiThurA,6
ठुकरा,"ठुकराते,ठुकरा,ठुकराए",3.0,15.0,ThukarA,5
ठोंक,"ठोंकते,ठोंक",2.0,4.0,ThoMka,4
ठोक,"ठोका,ठोक",2.0,2.0,Thoka,3
डँस,डंसने,1.0,1.0,Da.Nsa,3
डगमगा,डगमगाने,1.0,1.0,DagamagA,5
डट,"डटे,डटकर,डट",3.0,4.0,DaTa,2
डर,"डर,डरकर,डरो,डरती,डरूं",5.0,28.0,Dara,2
डरा,"डराता,डराते",2.0,6.0,DarA,3
डलवा,डलवाने,1.0,2.0,DalavA,4
डस,डसती,1.0,1.0,Dasa,2
डांस,डांस,1.0,1.0,DAMsa,4
डाल,"डालती,डाल,डालना,डालते,डालने,डालता,डाला,डालकर,डालें,डालिए,डालेगी,डाले,डालेंगे,डाली,डालनी",15.0,101.0,DAla,3
डाला,डालेगा,1.0,1.0,DAlA,4
डुबा,"डुबाएं,डुबाने",2.0,1.0,DubA,4
डुबो,डुबोने,1.0,1.0,Dubo,4
डूब,"डूब,डूबा,डूबे,डूबने,डूबते,डूबी",6.0,20.0,DUba,3
डोल,डोल,1.0,1.0,Dola,3
ढंक,"ढंककर,ढंके,ढंक,ढंकी,ढंकने",5.0,3.0,DhaMka,3
ढक,"ढक,ढककर,ढके,ढकी,ढका",5.0,12.0,Dhaka,2
ढकेल,"ढकेला,ढकेल,ढकेलते,ढकेलना",4.0,6.0,Dhakela,4
ढल,"ढले,ढलते,ढलने",3.0,2.0,Dhala,2
ढह,ढ़हेगी,1.0,3.0,Dhaha,2
ढाल,"ढाला,ढाल",2.0,2.0,DhAla,3
ढूँढ,"ढूँढ़,ढूँढ़े",2.0,2.0,DhU.NDha,4
ढूंढ,"ढूंढना,ढूंढ,ढूंढा,ढूंढने,ढूंढते",5.0,6.0,DhUMDha,4
ढूंढ़,"ढूंढ़ने,ढूंढ़,ढूंढ़ते,ढूंढ़ा",4.0,12.0,DhUMढ़,4
ढूढ,ढूढें,1.0,2.0,DhUDha,3
ढो,"ढोने,ढ़ो,ढो",3.0,7.0,Dho,2
तडप,"तड़प,तड़पती",2.0,2.0,taDapa,3
तडपा,तड़पा,1.0,2.0,taDapA,4
तड़प्,तड़प्,1.0,1.0,ta.Dap,5
तन,"तनकर,तनी",2.0,7.0,tana,2
तप,"तपता,तपती",2.0,2.0,tapa,2
तरस,तरस,1.0,2.0,tarasa,3
तराश,"तराशे,तराशा,तराशने,तराश,तराशकर,तराशी",6.0,6.0,tarAsha,4
तरेर,तरेरे,1.0,2.0,tarera,4
तल,"तल,तले,तलें,तलिए,तलते",5.0,9.0,tala,2
तलाश,"तलाशने,तलाश,तलाशा,तलाशना,तलाशते,तलाशी",6.0,57.0,talAsha,4
ताक,"ताक,ताकते",2.0,7.0,tAka,3
तान,"तान,ताने",2.0,4.0,tAna,3
तिलमिला,"तिलमिला,तिलमिलाने",2.0,1.0,tilamilA,7
तुतला,तुतलाते,1.0,1.0,tutalA,5
तुल,तुले,1.0,3.0,tula,3
तुड़वा,तुड़वा,1.0,1.0,tu.DavA,5
तोड,"तोड़,तोड़ना,तोड़ा,तोड़,तोड़ने,तोड़कर,तोड़ने,तोड़ी,तोड़ा",9.0,29.0,toDa,3
तोड़,"तोड़कर,तोड़ते",2.0,3.0,to.Da,4
तोड़,"तोड़ना,तोड़ते",2.0,21.0,to.Da,3
तोड़मरोड़,तोड़मरोड़,1.0,1.0,to.Damaro.Da,7
तौल,"तौलने,तौल",2.0,3.0,taula,3
त्याग,"त्यागा,त्यागकर,त्याग,त्यागने",4.0,6.0,tyAga,5
थक,"थक,थककर",2.0,6.0,thaka,2
थका,थका,1.0,1.0,thakA,3
थपथपा,"थपथपाना,थपथपा,थपथपाकर,थपथपाते,थपथपाई",5.0,7.0,thapathapA,5
थम,"थमा,थमने,थम,थमी",4.0,12.0,thama,2
थमा,थमाते,1.0,4.0,thamA,3
थर्रा,"थर्रा,थर्राया",2.0,3.0,tharrA,5
था,"था,थी,थे,थीं",4.0,825.0,thA,2
थाः,थीः,1.0,1.0,thAH,3
थाम,"थामो,थामते,थाम",3.0,6.0,thAma,3
थिरक,"थिरकते,थिरकती",2.0,1.0,thiraka,4
दफना,"दफनाए,दफनाया,दफनाई",3.0,6.0,daphanA,4
दब,"दबे,दब,दबी",3.0,10.0,daba,2
दबा,"दबाने,दबा,दबाकर,दबाएं,दबाते,दबाया,दबाएंगे",7.0,13.0,dabA,3
दबोच,"दबोचने,दबोचते,दबोच",3.0,7.0,dabocha,4
दमक,दमकने,1.0,1.0,damaka,3
दर्शा,"दर्शाता,दर्शाते,दर्शाया,दर्शाने,दर्शाती,दर्शा",6.0,11.0,darshA,5
दर्शाए,दर्शाए,1.0,1.0,darshAe,6
दल,दलकर,1.0,295.0,dala,2
दहल,"दहल,दहलेंगे,दहली",3.0,3.0,dahala,3
दहला,दहला,1.0,1.0,dahalA,4
दाग,"दागा,दागे,दागने,दागकर,दाग,दागते,दागी",7.0,6.0,dAga,3
दिख,"दिखा,दिखी,दिख,दिखते,दिखने,दिखता,दिखें,दिखना,दिखेगा,दिखे,दिखती,दिखेंगे,दिखेगी",13.0,30.0,dikha,3
दिखा,"दिखाई,दिखाया,दिखाता,दिखाते,दिखाने,दिखाकर,दिखाएगा,दिखाती,दिखाए,दिखाना,दिखाऊंगा,दिखाएगी,दिखाएं,दिखाऊँगा,दिखायी",15.0,141.0,dikhA,4
दिल,दिलवाकर,1.0,10.0,dila,3
दिलवा,"दिलवाने,दिलवाया",2.0,1.0,dilavA,5
दिला,"दिलाता,दिलाकर,दिलाया,दिलाये,दिलाने,दिलाएगा,दिलाएगी,दिला,दिलाएंगे,दिलाई,दिलाते,दिलाना,दिलाती,दिलाइए",14.0,69.0,dilA,4
दुख,दुखा,1.0,9.0,dukha,3
दुत्कार,दुत्कार,1.0,1.0,dutkAra,7
दुबक,दुबके,1.0,1.0,dubaka,4
दुलार,दुलारने,1.0,1.0,dulAra,5
दूंगा,दूंगी,1.0,1.0,dUMgA,5
दे,"दी,दिया,देती,देना,देने,देगा,दिए,देता,देगी,देते,दिये,देकर,देनी,दें,दिलवाई,दिलवानी,दिलवाना,देंगी,देंगे,देतीं,दीं,देनेवाले,दो,दूंगा,दिलवा,दोगे,दीजिए,दूँ",28.0,2309.0,de,2
देख,"देखा,देखते,देखने,देख,देखी,देखीं,देखना,देखे,देखिये,देखें,देखकर,देखता,देखेंगे,देखो,देखेंगी,देखेगी,देखिए",17.0,481.0,dekha,3
दोहरा,"दोहराया,दोहराने,दोहराते,दोहराई,दोहराए,दोहराती,दोहरा",7.0,22.0,doharA,5
दौड,"दौड़ा,दौड़ते,दौड़ती,दौड़ी,दौड़",5.0,19.0,dauDa,3
दौड़,"दौड़,दौड़ता,दौड़ने,दौड़े",4.0,10.0,dau.Da,3
दौड़ा,"दौड़ाकर,दौड़ाई",2.0,2.0,dau.DA,4
धकिया,धकिया,1.0,1.0,dhakiyA,5
धकेल,धकेल,1.0,1.0,dhakela,4
धमका,"धमकाया,धमकाने,धमका,धमकाते",4.0,7.0,dhamakA,4
धर,"धरे,धरी,धर,धरने",4.0,5.0,dhara,2
धुँधला,धुँधला,1.0,2.0,dhu.NdhalA,6
धो,"धोकर,धो,धोना,धोए",4.0,8.0,dho,2
धड़धड़ा,धड़धड़ाता,1.0,1.0,dha.Dadha.DA,5
नकार,"नकार,नकारते,नकारने,नकारा",4.0,11.0,nakAra,4
नवाज,"नवाजा,नवाज़,नवाजता",3.0,8.0,navAja,4
नहला,नहलाया,1.0,1.0,nahalA,4
नहा,"नहाए,नहाने,नहाया,नहा",4.0,11.0,nahA,3
नाच,नाचने,1.0,1.0,nAcha,3
नाप,"नापो,नाप",2.0,4.0,nApa,3
निकल,"निकलती,निकल,निकली,निकला,निकलने,निकले,निकलनेवाले,निकलना,निकलता,निकलते,निकलकर,निकलीं,निकलवाकर,निकलें",14.0,123.0,nikala,4
निकलवा,निकलवाने,1.0,1.0,nikalavA,6
निकाल,"निकाल,निकाली,निकालने,निकालना,निकाला,निकाले,निकालकर,निकालते,निकालती,निकालेंगे",10.0,91.0,nikAla,5
निखर,निखरी,1.0,3.0,nikhara,4
निखार,निखारने,1.0,3.0,nikhAra,5
निगल,"निगलने,निगलना,निगल,निगलते,निगली",5.0,3.0,nigala,4
निपट,"निपटने,निपटा,निपट,निपटेंगे,निपटना",5.0,55.0,nipaTa,4
निपटा,"निपटाएँगे,निपटाने,निपटाया,निपटाए,निपटाएं,निपटाएंगे,निपटाई,निपटाएगा",8.0,18.0,nipaTA,5
निपोर,निपोर,1.0,1.0,nipora,5
निबट,"निबटने,निबटना",2.0,4.0,nibaTa,4
निबटा,"निबटाने,निबटाया",2.0,3.0,nibaTA,5
निभ,निभा,1.0,2.0,nibha,3
निभा,"निभाता,निभाई,निभानी,निभाने,निभाती,निभाते,निभाया,निभाईं,निभाएगी,निभाएँगी,निभाना,निभाएंगे,निभाए",13.0,51.0,nibhA,4
निहार,"निहारना,निहारने,निहार,निहारा,निहारते",5.0,21.0,nihAra,5
पंहुच,"पंहुचने,पंहुची",2.0,2.0,paMhucha,5
पकड,"पकड़ी,पकड़ने,पकड़,पकड़ा,पकड़ने,पकड़कर,पकड़े,पकड़े,पकड़ती,पकड़",10.0,62.0,pakaDa,3
पकड़,"पकड़वाया,पकड़नी",2.0,2.0,paka.Da,4
पका,"पकाने,पकाएं,पकाइए,पकाए,पकाया",5.0,1.0,pakA,3
पचा,पचा,1.0,1.0,pachA,3
पछता,पछताने,1.0,1.0,paChatA,4
पछाड,पछाड़ते,1.0,1.0,paChADa,4
पट,"पटे,पटा,पट",3.0,6.0,paTa,2
पटक,पटकने,1.0,2.0,paTaka,3
पड,"पडना,पड़ेगा,पड़,पड़े,पड़ी,पड़ती,पड़ते,पड़कर,पड़ता,पड़ेगी,पड़ने",11.0,92.0,paDa,2
पड़,"पड़ता,पड़ने,पड़ती,पड़ा,पड़ते,पड़ती",6.0,8.0,pa.Da,3
पढ,"पढ़ते,पढ़ना,पढ़ता,पढ़,पढ़ते,पढ़ने,पढा",7.0,32.0,paDha,2
पढ़,"पढ़े,पढ़ा,पढ़ी",3.0,1.0,pa.Dha,3
पढा,"पढ़ाया,पढ़ाने,पढ़ा,पढाने,पढ़ाना",5.0,11.0,paDhA,3
पनप,"पनपने,पनपी,पनपता,पनप,पनपती",5.0,4.0,panapa,3
परख,"परखा,परख,परखने",3.0,4.0,parakha,3
परोस,"परोसी,परोसें,परोसा,परोसने,परोसेगा,परोसकर",6.0,7.0,parosa,4
पल,"पलते,पलने,पलकर,पली",4.0,5.0,pala,2
पलट,"पलट,पलटा,पलटी,पलटकर,पलटके",5.0,9.0,palaTa,3
पसर,"पसर,पसरा",2.0,2.0,pasara,3
पसार,पसार,1.0,2.0,pasAra,4
पसीज,पसीजते,1.0,2.0,pasIja,4
पहचान,"पहचान,पहचानने,पहचानना,पहचाना,पहचाने,पहचानी,पहचानता",7.0,100.0,pahachAna,5
पहन,"पहनने,पहन,पहनना,पहने,पहनकर,पहना,पहनी,पहनें,पहनीं,पहनेंगी,पहनती",11.0,33.0,pahana,3
पहना,"पहनाया,पहनाने,पहनाना",3.0,8.0,pahanA,4
पहुँच,"पहुँच,पहुँचने,पहुँचा,पहुँचते,पहुँचता,पहुँचना,पहुँचे,पहुँची,पहुँचेगी,पहुँचें,पहुँचाने,पहुँचेगा,पहुँचती,पहुँचेंगे,पहुँचकर",15.0,69.0,pahu.Ncha,5
पहुँचा,"पहुँचाती,पहुँचाना,पहुँचाया,पहुँचाई,पहुँचाएगा,पहुँचाएं,पहुँचाकर",7.0,15.0,pahu.NchA,6
पहुंच,"पहुंच,पहुंचती,पहुंचा,पहुंचे,पहुंचने,पहुंचते,पहुंचकर,पहुंचाया,पहुंची,पहुंचेंगे,पहुंचेगी,पहुंचना,पहुंचनी,पहुंचता,पहुंचेंगी,पहुंचीं,पहुंचेगा",17.0,351.0,pahuMcha,5
पहुंचा,"पहुंचाते,पहुंचाती,पहुंचाने,पहुंचाएगा,पहुंचाई,पहुंचाना,पहुंचाए,पहुंचानी,पहुंचाता",9.0,64.0,pahuMchA,6
पा,"पाया,पाएंगे,पाई,पाए,पाने,पायी,पाये,पाएगा,पाना,पा,पाकर,पाओ,पाता,पाते",14.0,144.0,pA,2
पाट,पाटने,1.0,8.0,pATa,3
पाल,"पाला,पाले",2.0,7.0,pAla,3
पिघल,"पिघलने,पिघला,पिघल",3.0,2.0,pighala,4
पिचका,पिचकाने,1.0,1.0,pichakA,5
पिछड,"पिछड़ी,पिछड़,पिछड़ने,पिछड़े",4.0,8.0,piChaDa,4
पिट,"पिटती,पिटे,पिटी,पिट",4.0,1.0,piTa,3
पिरो,"पिरोना,पिरोने",2.0,1.0,piro,4
पिला,"पिलायी,पिला,पिलाई,पिलाती,पिलाते",5.0,7.0,pilA,4
पिस,"पिसी,पिसे,पिसा",3.0,1.0,pisa,3
पी,"पीओ,पिया,पिओ,पीकर,पी,पीती",6.0,28.0,pI,2
पीट,"पीटा,पीटकर",2.0,7.0,pITa,3
पीस,"पीस,पीसी,पीसें,पीसकर,पीसे",5.0,6.0,pIsa,3
पुकार,"पुकारा,पुकार,पुकारने",3.0,1.0,pukAra,5
पूछ,"पूछा,पूछ,पूछे,पूछने,पूछना,पूछो,पूछूं,पूछकर,पूछता,पूछें,पूछते,पूछती,पूछिए",13.0,136.0,pUCha,3
पूरा,पूरा,1.0,144.0,pUrA,4
पोंछ,पोंछते,1.0,3.0,poMCha,4
पोछ,पोछते,1.0,1.0,poCha,3
पड़,"पड़ता,पड़ने,पड़ा,पड़ेगा,पड़ेगी,पड़ी,पड़े",7.0,87.0,pa.Da,2
पढ़,"पढ़ने,पढ़े,पढ़ा,पढ़कर",4.0,18.0,paढ़,2
पढ़ा,"पढ़ाए,पढ़ाएंगे,पढ़ाने,पढ़ाई",4.0,11.0,paढ़A,3
फँस,"फंसने,फंस,फंसे,फंसी,फंसा",5.0,34.0,pha.Nsa,3
फँसा,"फंसाने,फंसाया",2.0,8.0,pha.NsA,4
फट,"फट,फटे,फटने,फटते",4.0,7.0,phaTa,2
फटक,"फटका,फटक",2.0,2.0,phaTaka,3
फल,फलने,1.0,6.0,phala,2
फहरा,"फहराने,फहरा,फहराते",3.0,1.0,phaharA,4
फाँस,फांसकर,1.0,1.0,phA.Nsa,4
फांद,फांदकर,1.0,1.0,phAMda,4
फाइल,फाइल,1.0,20.0,phAila,4
फाड,फाड़कर,1.0,1.0,phADa,3
फिर,"फिरना,फिरने,फिर,फिरती",4.0,205.0,phira,3
फिल्म,फिल्माईं,1.0,101.0,philma,5
फिल्मा,"फिल्माए,फिल्माने",2.0,1.0,philmA,6
फिल्‍मा,फिल्‍माया,1.0,1.0,phil{}mA,7
फिसल,"फिसलने,फिसलकर,फिसल",3.0,4.0,phisala,4
फुफकार,फुफकारा,1.0,1.0,phuphakAra,6
फूँक,फूँक,1.0,1.0,phU.Nka,4
फूंक,"फूंक,फूंका",2.0,7.0,phUMka,4
फूंकने,फूंकने,1.0,1.0,phUMkane,6
फूट,"फूटते,फूटने,फूट,फूटी",4.0,6.0,phUTa,3
फूल,"फूलना,फूले,फूलने,फूल,फूली",5.0,26.0,phUla,3
फेंक,"फेंक,फेंककर,फेंके,फेंका,फेंकने,फेंकते",6.0,20.0,pheMka,4
फेर,"फेरनी,फेर,फेरने",3.0,9.0,phera,3
फैल,"फैलता,फैलते,फ़ैल,फैलने,फैले,फैली,फैल,फैला,फैलती,फैलना,फैलकर",11.0,40.0,phaila,3
फैला,"फैलाते,फैलाता,फ़ैलाने,फैलाने,फैलाएं,फैलाकर,फैलाया,फैलाए,फैलाना",9.0,23.0,phailA,4
फोड,फोड़ी,1.0,1.0,phoDa,3
फोड़,"फोड़कर,फोड़े,फोड़ा,फोड़ना",4.0,9.0,pho.Da,3
बँट,"बँटा,बँटे",2.0,1.0,ba.NTa,3
बँध,"बँधी,बंधने,बंधी,बंधे,बंधा,बँधे",6.0,9.0,ba.Ndha,3
बंट,"बंट,बंटे,बंटेगा,बंटा",4.0,6.0,baMTa,3
बंटा,बंटाने,1.0,1.0,baMTA,4
बख्श,"बख्शा,बख्श्ते,बख्शेंगे,बख्श,बख्शी",5.0,8.0,bakhsha,4
बच,"बच,बचा,बचने,बचते,बची,बचे,बचना,बचेगा,बचें,बचेगी,बचती,बचता,बचके,बचेंगे",14.0,94.0,bacha,2
बचा,"बचाने,बचाना,बचाती,बचाया,बचाए,बचाई,बचाएगा,बचाओ,बचाते,बचाकर,बचाता",11.0,64.0,bachA,3
बज,"बज,बजकर,बजी,बजती,बजने",5.0,65.0,baja,2
बजा,"बजाया,बजाए,बजाकर,बजा,बजाने,बजाना,बजाएंगे,बजायेंगे",8.0,10.0,bajA,3
बटा,बटाने,1.0,1.0,baTA,3
बटोर,"बटोर,बटोरने,बटोरे,बटोरकर",4.0,3.0,baTora,4
बढ,"बढ़,बढ़े,बढ़ते,बढ़ी,बढ़ा,बढ़ेगा,बढ़ने,बढ़कर,बढ़ता,बढ,बढती,बढ़ती,बढ़ी,बढ़ते,बढ़ता,बढ़ेगा,बढा,बढ़ीं,बढने",19.0,108.0,baDha,2
बढ़,"बढ़ती,बढ़ना,बढ़ेगी",3.0,13.0,ba.Dha,3
बढ़ा,"बढ़ाते,बढ़ाता,बढ़ाती,बढ़ाकर,बढ़ाएगा,बढ़ायी,बढ़ाए,बढ़वाइए,बढ़ाता",9.0,17.0,ba.DhA,4
बढा,"बढ़ाने,बढ़ाई,बढ़ाया,बढ़ाना,बढाती,बढ़ाने,बढ़ाकर,बढ़ायेगा,बढ़ाये,बढ़ा,बढ़ाना,बढ़ाए,बढाई,बढ़ाते,बढाने",15.0,110.0,baDhA,3
बढावा,बढ़ावा,1.0,21.0,baDhAvA,5
बता,"बताता,बताते,बता,बताया,बताने,बताएंगे,बताना,बताये,बताए,बताएं,बताई,बताती,बताकर,बताएगा,बताओ,बताईं,बतायी,बताइए,बताएँ",19.0,1020.0,batA,3
बदल,"बदल,बदलकर,बदलने,बदला,बदलें,बदलता,बदलती,बदलना,बदले,बदलते,बदलेंगे,बदलवा,बदली,बदलेगी,बदलनी",15.0,122.0,badala,3
बदलवा,बदलवाने,1.0,1.0,badalavA,5
बन,"बने,बनी,बनती,बना,बन,बनकर,बनते,बनता,बनने,बनवाया,बनना,बनीं,बनेगा,बनेगी,बनवाई,बनें,बनेंगी,बनवाये",18.0,463.0,bana,2
बनवा,"बनवाए,बनवाने,बनवाकर,बनवा",4.0,10.0,banavA,4
बना,"बनाया,बनाएगी,बनाई,बनाए,बनाता,बनाते,बनाने,बनाना,बनाये,बनायी,बनाती,बनायेंगे,बनाकर,बनाएं,बनानी,बनाएगा,बनाएंगे,बनायीं,बनाएंगी,बनाएँ",20.0,627.0,banA,3
बरगला,बरगला,1.0,1.0,baragalA,5
बरत,"बरतनी,बरतने,बरता,बरती,बरतते,बरते,बरतना,बरतें",8.0,38.0,barata,3
बरपा,"बरपाया,बरपाना",2.0,2.0,barapA,4
बरस,"बरसते,बरसा,बरसने",3.0,5.0,barasa,3
बरसा,"बरसाया,बरसाईं,बरसानी,बरसाए",4.0,5.0,barasA,4
बस,"बसी,बस,बसे,बसा",4.0,94.0,basa,2
बसा,"बसाया,बसाने",2.0,7.0,basA,3
बह,"बह,बहती,बहते,बहना,बहकर,बहने,बहता",7.0,25.0,baha,2
बहा,"बहाती,बहाने,बहाता,बहाकर",4.0,9.0,bahA,3
बाँट,"बाँटी,बाँट,बाँटने,बाँटा",4.0,3.0,bA.NTa,4
बाँध,"बाँधकर,बाँधने,बाँधे,बाँध",4.0,5.0,bA.Ndha,4
बांट,"बांट,बांटने,बांटा,बांटती,बांटे,बांटी",6.0,24.0,bAMTa,4
बांध,"बांधता,बांधकर,बांधा,बांध,बांधे,बांधना,बांधने",7.0,34.0,bAMdha,4
बिक,"बिकने,बिका,बिके,बिक,बिकते",5.0,8.0,bika,3
बिखर,"बिखरे,बिखरने,बिखरी",3.0,8.0,bikhara,4
बिखेर,"बिखेर,बिखेरकर,बिखेरने,बिखेरे,बिखेरती,बिखेरता,बिखेरते",7.0,4.0,bikhera,5
बिगड,"बिगड़,बिगड़ती,बिगड़ने,बिगड़ते,बिगड़नी,बिगड़ता,बिगड़,बिगड़ती",8.0,15.0,bigaDa,4
बिगाड,"बिगाड़,बिगाड़ा",2.0,6.0,bigADa,5
बिछ,"बिछा,बिछ,बिछी",3.0,4.0,biCha,3
बिछा,"बिछाकर,बिछाए,बिछाने,बिछाया,बिछाई",5.0,15.0,biChA,4
बिछुड,बिछुड़े,1.0,2.0,biChuDa,5
बिठा,"बिठाने,बिठाकर,बिठाया,बिठाना,बिठाए",5.0,8.0,biThA,4
बिता,"बिताता,बिताने,बिताना,बिता,बिताए,बिताया,बिताते",7.0,9.0,bitA,4
बिफर,बिफरे,1.0,1.0,biphara,4
बीज,बीजेंगे,1.0,4.0,bIja,3
बीजा,"बीजा,बीजे",2.0,3.0,bIjA,4
बीत,"बीते,बीत,बीती,बीतते,बीतने,बीता",6.0,31.0,bIta,3
बुझ,"बुझे,बुझती",2.0,1.0,bujha,3
बुझा,बुझाने,1.0,2.0,bujhA,4
बुन,"बुना,बुनी",2.0,2.0,buna,3
बुला,"बुलाई,बुलाए,बुलाया,बुलाकर,बुलाने,बुला,बुलाती,बुलाये,बुलाएं,बुलाना,बुलानी,बुलाते,बुलाओ",13.0,101.0,bulA,4
बेच,"बेचे,बेचा,बेच,बेचने,बेची,बेचेगा,बेचकर,बेचती,बेचनी",9.0,58.0,becha,3
बेल,"बेल,बेलते",2.0,4.0,bela,3
बैठ,"बैठ,बैठे,बैठते,बैठने,बैठा,बैठी,बैठकर,बैठती,बैठना,बैठेंगे,बैठिए,बैठो,बैठोगी,बैठता",14.0,91.0,baiTha,3
बैठा,"बैठाने,बैठाया,बैठाकर",3.0,12.0,baiThA,4
बो,"बोया,बोयी,बोना,बोने,बोयेंगे,बोई",6.0,4.0,bo,2
बोल,"बोलकर,बोलने,बोलते,बोला,बोलना,बोल,बोलता,बोलीं,बोले,बोलेंगे,बोलती,बोली,बोलूँ",13.0,124.0,bola,3
बौखला,बौखला,1.0,3.0,baukhalA,5
ब्याह,"ब्याहने,ब्याहना",2.0,36.0,byAha,5
बढ़,"बढ़कर,बढ़,बढ़ने,बढ़ना,बढ़ेगी,बढ़े,बढ़ेंगे,बढ़ें",8.0,142.0,baढ़,2
बढ़ा,"बढ़ाई,बढ़ाया,बढ़ाती,बढ़ाएगा,बढ़ाएंगे",5.0,125.0,baढ़A,3
बढ़ाएं,बढ़ाएं,1.0,1.0,baढ़AeM,5
भगा,"भगाने,भगा,भगाए,भगाकर",4.0,2.0,bhagA,3
भटक,"भटक,भटकते",2.0,5.0,bhaTaka,3
भटका,भटकाने,1.0,1.0,bhaTakA,4
भडक,"भड़कें,भड़कने,भड़की",3.0,6.0,bhaDaka,3
भडका,भड़काने,1.0,1.0,bhaDakA,4
भर,"भरी,भर,भरने,भरा,भरना,भरता,भरें,भरकर,भरे,भरनी,भरेंगे,भरते,भरती",13.0,103.0,bhara,2
भरा,"भराकर,भराया",2.0,4.0,bharA,3
भांज,"भांज,भांजकर",2.0,2.0,bhAMja,4
भांप,"भांप,भांपना",2.0,7.0,bhAMpa,4
भाग,"भाग,भागने,भागीं,भागकर,भागे,भागा,भागना,भागते,भागता,भागती",10.0,111.0,bhAga,3
भिजवा,"भिजवाए,भिजवा",2.0,2.0,bhijavA,5
भिड़,भिड़ना,1.0,1.0,bhi.Da,3
भीग,"भीगे,भीगने,भीगी,भीगा,भीग,भीगकर",6.0,2.0,bhIga,3
भीगो,भीगोकर,1.0,1.0,bhIgo,4
भुगत,"भुगतने,भुगतना,भुगतनी",3.0,4.0,bhugata,4
भुना,"भुनाने,भुनाएगी,भुनाना",3.0,5.0,bhunA,4
भुला,"भुलाने,भुलाया,भुलाकर,भुला",4.0,7.0,bhulA,4
भूल,"भूल,भूलें,भूले,भूलकर,भूलीं,भूलिएगा,भूलतीं,भूला,भूली,भूलिये,भूलते",11.0,35.0,bhUla,3
भेज,"भेजते,भेजने,भेज,भेजना,भेजा,भेजी,भेजे,भेजकर,भेजती,भेजेंगे,भेजेगा,भेजूंगी",12.0,263.0,bheja,3
भोग,"भोगा,भोगे,भोग,भोगने",4.0,12.0,bhoga,3
भड़क,"भड़क,भड़केगा,भड़की,भड़के",4.0,12.0,bha.Daka,3
भड़का,"भड़काया,भड़काने",2.0,3.0,bha.DakA,4
मंगवा,"मंगवाया,मंगवाए,मंगवाकर",3.0,3.0,maMgavA,5
मंगा,"मंगा,मंगाकर,मंगाने,मंगाए,मंगाई",5.0,7.0,maMgA,4
मंझे,मंजे,1.0,1.0,maMjhe,4
मंडरा,"मंडराने,मंडराते,मंडरा",3.0,4.0,maMDarA,5
मच,"मचा,मच,मची,मचे",4.0,17.0,macha,2
मचल,मचल,1.0,2.0,machala,3
मचा,"मचाया,मचाने,मचाएं,मचाई",4.0,6.0,machA,3
मढ,"मढ़ने,मढ़ने",2.0,2.0,maDha,2
मथ,मथ,1.0,1.0,matha,2
मनवा,मनवाते,1.0,1.0,manavA,4
मना,"मना,मनाने,मनाएंगे,मनाएगी,मनाया,मनाकर,मनाए,मनाएगीं,मनाएगा,मनाते,मनाएं",11.0,74.0,manA,3
मर,"मर,मरने,मरता,मरी,मरे,मरेंगे,मरती,मरवाने,मरते",9.0,60.0,mara,2
मल,मले,1.0,2.0,mala,2
माँग,"माँगता,माँगी,माँग,माँगे,माँगा,माँगने,माँगेगा,माँगें,माँगूगी,माँगना,माँगते",11.0,59.0,mA.Nga,4
मांग,"मांग,मांगे,मांगी,मांगने,मांगना,मांगा,मांगते,मांगनी,मांगती,मांगू,मांगो,मांगता,मांगेंगे,मांगेगी",14.0,308.0,mAMga,4
मान,"माना,मानी,मानते,मान,मानें,मानना,मानता,माने,मानकर,मानने,मानेंगे,मानती,माननी,मानो,मानेगा",15.0,375.0,mAna,3
माप,"मापे,मापा,मापकर,मापने,मापी",5.0,2.0,mApa,3
मार,"मार,मारे,मारने,मारा,मारी,मारकर,मारती,मारेंगे,मारता",9.0,298.0,mAra,3
मिट,मिट,1.0,4.0,miTa,3
मिटा,"मिटा,मिटाया,मिटाने,मिटाता",4.0,12.0,miTA,4
मिल,"मिले,मिला,मिलेंगे,मिलते,मिली,मिल,मिलने,मिलेगी,मिलता,मिलकर,मिलती,मिलेगा,मिलीं,मिलना,मिली.,मिलनी,मिलेंगी,मिलें,मिलवाया,मिलेगीं,मिलूंगी,मिलूं,मिलोगी",23.0,938.0,mila,3
मिला,"मिलाया,मिलाना,मिलाने,मिलाते,मिलाएं,मिलाइए,मिलाएँ,मिलाएगा,मिलाए",9.0,25.0,milA,4
मुकर,"मुकर,मुकरने",2.0,11.0,mukara,4
मुरझा,"मुरझाया,मुरझाये",2.0,2.0,murajhA,5
मुस्कुरा,"मुस्कुराना,मुस्कुरा",2.0,1.0,muskurA,8
मुड़,"मुड़,मुड़कर",2.0,2.0,mu.Da,3
मूंद,"मूंदे,मूंद",2.0,2.0,mUMda,4
मूंदकर,मूंदकर,1.0,1.0,mUMdakara,6
मोड,"मोड,मोड़ते",2.0,3.0,moDa,3
मोड़,"मोड़ी,मोड़",2.0,2.0,mo.Da,4
मोह,"मोह,मोहने",2.0,6.0,moha,3
मोड़,"मोड़ा,मोड़,मोड़ना",3.0,8.0,mo.Da,3
रंग,"रंगा,रंग,रंगे",3.0,19.0,raMga,3
रख,"रखते,रखे,रखती,रखेगी,रखा,रख,रखी,रखेगा,रखने,रखकर,रखना,रखेंगे,रखनी,रखता,रखें,रखीं,रखो,रखोगी,रखवाएगा,रखूंगा",20.0,532.0,rakha,2
रखवा,रखवा,1.0,1.0,rakhavA,4
रगड,रगड़ते,1.0,3.0,ragaDa,3
रच,"रच,रचे,रचने,रचते,रची,रचा",6.0,20.0,racha,2
रचा,रचाई,1.0,1.0,rachA,3
रटा,रटाई,1.0,1.0,raTA,3
रम,"रमने,रम",2.0,3.0,rama,2
रह,"रहा,रही,रहे,रहती,रहीं,रहेगा,रहेगी,रहेंगी,रह,रहते,रहता,रहेंगे,रहकर,रहने,रहनी,रहना,रहें,रहो,रहूंगी,रहूँगा,रहोगे,रहिए,रहूंगा",23.0,770.0,raha,2
रिझा,"रिझा,रिझाया",2.0,2.0,rijhA,4
रिस,"रिस,रिसने",2.0,2.0,risa,3
रुक,"रुकने,रुक,रुका,रुकी,रुकेगी,रुके,रुकती,रुकते,रुकेगा,रुकना",10.0,27.0,ruka,3
रुकवा,"रुकवाने,रुकवाई",2.0,2.0,rukavA,5
रूक,"रूकने,रूका",2.0,3.0,rUka,3
रूठ,"रूठा,रूठ",2.0,2.0,rUTha,3
रेंग,"रेंगते,रेंग",2.0,2.0,reMga,4
रेत,रेत,1.0,4.0,reta,3
रो,"रोया,रोये,रोते,रोने,रो,रोकर",6.0,19.0,ro,2
रोक,"रोक,रोकना,रोकने,रोका,रोकता,रोकते,रोकती,रोककर,रोके,रोकें,रोकेगा",11.0,203.0,roka,3
रोप,"रोपकर,रोपा",2.0,3.0,ropa,3
रौंद,रौंदने,1.0,2.0,rauMda,4
लग,"लग,लगी,लगा,लगता,लगे,लगने,लगती,लगना,लगेगा,लगनी,लगवाती,लगते,लगतीं,लगेगी,लगेंगे,लगीं,लगवाई,लगवाए",18.0,357.0,laga,2
लगवा,"लगवा,लगवाएं,लगवाएँ",3.0,1.0,lagavA,4
लगा,"लगाया,लगाए,लगाना,लगाने,लगाई,लगाते,लगाये,लगायी,लगाकर,लगाएं,लगाएगा,लगाएगी,लगानी,लगाती,लगाएंगी,लगाइएगा,लगाता,लगाएंगे,लगाइये,लगाएँगे,लगाईं",21.0,599.0,lagA,3
लटक,"लटक,लटकती,लटके,लटकाने,लटकते",5.0,7.0,laTaka,3
लटका,"लटकाकर,लटकाते",2.0,3.0,laTakA,4
लड,"लड़कर,लड़ने,लड़,लड़े,लड़ेगी,लड़ते,लड़ेगा,लड़ी",8.0,35.0,laDa,2
लड़,"लड़ने,लड़ते,लड़,लड़ता",4.0,4.0,la.Da,3
लतिया,लतिया,1.0,2.0,latiyA,5
लद,लदे,1.0,2.0,lada,2
लपक,"लपके,लपका,लपक",3.0,3.0,lapaka,3
लपेट,"लपेटी,लपेट,लपेटा,लपेटकर",4.0,6.0,lapeTa,4
ललकार,ललकारा,1.0,2.0,lalakAra,5
लहरा,"लहराया,लहराते,लहराएगा,लहराती",4.0,6.0,laharA,4
लहलहा,लहलहाती,1.0,1.0,lahalahA,5
ला,"लाने,ला,लाएगी,लाया,लाएगा,लाई,लाए,लाना,लाएं,लानी,लाकर,लाएंगे,लाते,लाती,लाये,लायीं,लाता,लाओ,लायी",19.0,171.0,lA,2
लाँघ,लाँघ,1.0,1.0,lA.Ngha,4
लांघ,"लांघने,लांघ,लांघी",3.0,2.0,lAMgha,4
लाद,"लादने,लादें,लादकर",3.0,1.0,lAda,3
लिख,"लिखा,लिखे,लिख,लिखी,लिखना,लिखते,लिखता,लिखें,लिखने,लिखकर,लिखवाई,लिखवा,लिखित,लिखनी,लिखती",15.0,135.0,likha,3
लिखवा,लिखवाया,1.0,2.0,likhavA,5
लिखा,"लिखाने,लिखाया",2.0,9.0,likhA,4
लिपट,"लिपटकर,लिपट,लिपटे,लिपटी",4.0,3.0,lipaTa,4
लील,लीलने,1.0,2.0,lIla,3
लुट,लुट,1.0,2.0,luTa,3
लुटा,"लुटाने,लुटा",2.0,3.0,luTA,4
लुढक,"लुढ़क,लुढ़ककर",2.0,6.0,luDhaka,4
लुभा,"लुभाएगा,लुभाएंगे,लुभाने,लुभाता,लुभा,लुभाती,लुभाते",7.0,13.0,lubhA,4
लुढ़कर,लुढ़कर,1.0,1.0,luढ़kara,5
लूट,"लूटने,लूटकर,लूट,लूटी,लूटे,लूटता",6.0,16.0,lUTa,3
ले,"लेकर,ले,लिया,लें,लेगी,लेंगे,लेते,लेगा,लेता,ली,लेने,लेना,लेनी,लिये,लिए,लेती,लीजिए,लो,लेंगें,लेंगी,लूँ,लीजिये",22.0,1244.0,le,2
लेट,"लेटी,लेटे",2.0,5.0,leTa,3
लेटा,लेटा,1.0,1.0,leTA,4
लोट,लोट,1.0,1.0,loTa,3
लौट,"लौटे,लौट,लौटता,लौटने,लौटते,लौटी,लौटना,लौटेंगे,लौटूंगी,लौटकर,लौटें,लौटेगी",12.0,84.0,lauTa,3
लौटा,"लौटाने,लौटाना,लौटा,लौटाया",4.0,8.0,lauTA,4
लड़,"लड़ा,लड़ेंगे,लड़ना,लड़नी,लड़ूंगी",5.0,22.0,la.Da,2
लड़खड़ा,लड़खड़ा,1.0,1.0,la.Dakha.DA,5
वसूल,"वसूलने,वसूल,वसूला",3.0,13.0,vasUla,4
वीन,वीनने,1.0,1.0,vIna,3
शरमा,शरमाते,1.0,1.0,sharamA,4
सँवर,"संवरकर,संवरीं",2.0,1.0,sa.Nvara,4
सँवार,"संवार,संवारने",2.0,5.0,sa.NvAra,5
संजो,"संजोए,संजोकर,संजोये,संजो",4.0,1.0,saMjo,4
संभल,"संभल,संभलकर,संभला",3.0,3.0,saMbhala,4
संभाल,"संभाल,संभालने,संभालते,संभालना,संभालेंगे,संभाले,संभालेंगीं,संभाला,संभालकर,संभाली,संभालेंगी,संभालता",12.0,35.0,saMbhAla,5
संवर,संवर,1.0,1.0,saMvara,4
सक,सकता,1.0,1.0,saka,2
सज,"सजा,सजी,सजने,सजे",4.0,10.0,saja,2
सजा,"सजाकर,सजाएं,सजाने,सजाइए,सजाया,सजाएंगे,सजाए",7.0,67.0,sajA,3
सट,"सटे,सटा,सटी,सटकर",4.0,14.0,saTa,2
सड,"सड़,सड़ते",2.0,2.0,saDa,2
सडा,सड़ायेंगे,1.0,1.0,saDA,3
सता,"सताई,सता,सताने,सताए",4.0,7.0,satA,3
सध,"सधे,सधी,सधा",3.0,2.0,sadha,2
सन,सना,1.0,3.0,sana,2
समझ,"समझना,समझने,समझा,समझते,समझता,समझ,समझी,समझकर,समझिए,समझो,समझे,समझती,समझें,समझेंगे",14.0,122.0,samajha,3
समझा,"समझाने,समझाया,समझाना,समझाते,समझाऊँ",5.0,17.0,samajhA,4
समा,"समाए,समाया,समा",3.0,6.0,samA,3
समेट,"समेटे,समेटने,समेट",3.0,4.0,sameTa,4
सरक,"सरका,सरकते,सरकने,सरकती",4.0,2.0,saraka,3
सरका,सरकाया,1.0,1.0,sarakA,4
सराह,सराहा,1.0,2.0,sarAha,4
सह,"सहने,सहेंगे,सहोगे",3.0,4.0,saha,2
सहम,सहम,1.0,1.0,sahama,3
सहला,सहलाते,1.0,2.0,sahalA,4
सहेज,सहेजने,1.0,1.0,saheja,4
साध,"साधा,साधते,साध,साधे,साधने",5.0,30.0,sAdha,3
सिखा,"सिखाई,सिखाया,सिखाना,सिखाने,सिखा,सिखायेगी,सिखाते",7.0,11.0,sikhA,4
सिधार,सिधार,1.0,1.0,sidhAra,5
सिमट,"सिमटती,सिमट",2.0,1.0,simaTa,4
सिल,सिले,1.0,2.0,sila,3
सिसक,सिसकते,1.0,1.0,sisaka,4
सिहर,सिहरा,1.0,1.0,sihara,4
सींच,"सींच,सींचती",2.0,2.0,sIMcha,4
सीख,"सीख,सीखते,सीखा,सीखने,सीखो,सीखे,सीखीं,सीखना",8.0,11.0,sIkha,3
सुखा,"सुखा,सुखाकर,सुखाने,सुखाए",4.0,1.0,sukhA,4
सुझा,"सुझाई,सुझाया,सुझाएगी,सुझाने,सुझाए",5.0,10.0,sujhA,4
सुधर,"सुधरने,सुधरता,सुधरी,सुधरे,सुधरेगी,सुधरेंगे,सुधर,सुधरते",8.0,13.0,sudhara,4
सुधार,"सुधारने,सुधारा,सुधारनी,सुधारना,सुधारते,सुधारें,सुधारी,सुधार",8.0,63.0,sudhAra,5
सुन,"सुन,सुना,सुनी,सुने,सुनने,सुननी,सुनें,सुनकर,सुनना,सुनेंगे,सुनते,सुनता,सुनिए,सुनो,सुनिएगा",15.0,86.0,suna,3
सुनवाना,सुनवाने,1.0,1.0,sunavAnA,7
सुना,"सुनाई,सुनाकर,सुनाने,सुनाया,सुनाएगी,सुनाए,सुनाते,सुनाना,सुनाएगा",9.0,41.0,sunA,4
सुलग,सुलग,1.0,3.0,sulaga,4
सुलगा,सुलगा,1.0,1.0,sulagA,5
सुलझ,"सुलझी,सुलझा,सुलझ,सुलझता,सुलझने",5.0,10.0,sulajha,4
सुलझा,"सुलझाने,सुलझाया,सुलझाए,सुलझाना,सुलझाई",5.0,33.0,sulajhA,5
सूंघ,"सूंघने,सूंघना,सूंघ",3.0,2.0,sUMgha,4
सूख,"सूख,सूखा,सूखे,सूखने,सूखी,सूखते",6.0,3.0,sUkha,3
सूज,"सूज,सूजे",2.0,1.0,sUja,3
सूझ,"सूझ,सूझता,सूझना",3.0,8.0,sUjha,3
सेंक,"सेंकने,सेंकती,सेंक",3.0,3.0,seMka,4
सेक,सेकते,1.0,1.0,seka,3
सो,"सोते,सोने,सो,सोए,सोता,सोयेगा,सोये",7.0,23.0,so,2
सोच,"सोची,सोचने,सोचे,सोचना,सोचें,सोचिए,सोचते,सोचिये,सोचा,सोच,सोचकर,सोचता,सोचती",13.0,58.0,socha,3
सौंप,"सौंप,सौंपा,सौंपने,सौंपी,सौंपना,सौंपे,सौंपेगी,सौंपेंगे,सौंपेगा,सौंपकर",10.0,144.0,sauMpa,4
सौप,सौपा,1.0,1.0,saupa,3
स्वीकार,स्वीकारते,1.0,98.0,svIkAra,7
सड़,सड़ने,1.0,1.0,sa.Da,2
हँस,हंसने,1.0,1.0,ha.Nsa,3
हंस,"हंसना,हंस",2.0,2.0,haMsa,3
हट,"हटते,हटकर,हट,हटेंगे,हटेगा,हटना,हटने,हटती,हटतीं,हटी,हटवाएं",11.0,26.0,haTa,2
हटा,"हटाता,हटाया,हटा,हटाने,हटाना,हटाई,हटाकर,हटाए,हटाते,हटाएंगे",10.0,124.0,haTA,3
हडप,"हड़पकर,हड़प,हड़पने",3.0,7.0,haDapa,3
हथिया,"हथियाने,हथिया,हथियाना",3.0,4.0,hathiyA,5
हरा,"हराने,हराकर,हरा,हराया,हराना,हराती",6.0,17.0,harA,3
हांक,हांके,1.0,1.0,hAMka,4
हार,"हारकर,हारने,हारे,हारी,हार,हारा,हारती,हारता",8.0,67.0,hAra,3
हिचक,"हिचकते,हिचक",2.0,3.0,hichaka,4
हिचकिचा,"हिचकिचा,हिचकिचाते",2.0,1.0,hichakichA,7
हिल,"हिल,हिलते,हिलने,हिला",4.0,16.0,hila,3
हिला,"हिलाएं,हिलाकर,हिलाते,हिलाने",4.0,7.0,hilA,4
है,"है,हैं,हूं,हूँ,हैँ",5.0,4942.0,hai,2
हो,"हुई,होने,हुआ,होते,होती,होकर,होतीं,होगी,होगा,होता,हुए,होना,होंगे,होनी,हों,हुये,हुईं,होनेवाला,होंगी,हुयी,होनेवाले,होनेवाली,हुए...,होगीं,होगे,होऊंगा",26.0,4472.0,ho,2
होप,होप,1.0,3.0,hopa,3
